InvoiceNo,Description,UnitPrice,CustomerID,Country,Category,
536365,WHITE HANGING HEART T-LIGHT HOLDER,56250,17850,United Kingdom,Cafe,
536365,WHITE METAL LANTERN,8250,17850,United Kingdom,Cafe,
536365,CREAM CUPID HEARTS COAT HANGER,89250,17850,United Kingdom,Baju,
536365,KNITTED UNION FLAG HOT WATER BOTTLE,127500,17850,United Kingdom,Travel,
536365,RED WOOLLY HOTTIE WHITE HEART.,127500,17850,United Kingdom,Travel,
536365,SET 7 BABUSHKA NESTING BOXES,127500,17850,United Kingdom,Travel,
536365,GLASS STAR FROSTED T-LIGHT HOLDER,18750,17850,United Kingdom,Cafe,
536366,HAND WARMER UNION JACK,38250,17850,United Kingdom,Travel,
536366,HAND WARMER RED POLKA DOT,156000,17850,United Kingdom,Travel,
536367,ASSORTED COLOUR BIRD ORNAMENT,56250,13047,United Kingdom,Cafe,
536367,POPPY'S PLAYHOUSE BEDROOM ,8250,13047,United Kingdom,Hobi,
536367,POPPY'S PLAYHOUSE KITCHEN,89250,13047,United Kingdom,Hobi,
536367,FELTCRAFT PRINCESS CHARLOTTE DOLL,127500,13047,United Kingdom,Hobi,
536367,IVORY KNITTED MUG COSY ,127500,13047,United Kingdom,Cafe,
536367,BOX OF 6 ASSORTED COLOUR TEASPOONS,127500,13047,United Kingdom,Dapur,
536367,BOX OF VINTAGE JIGSAW BLOCKS ,18750,13047,United Kingdom,Hobi,
536367,BOX OF VINTAGE ALPHABET BLOCKS,38250,13047,United Kingdom,Hobi,
536367,HOME BUILDING BLOCK WORD,156000,13047,United Kingdom,Hobi,
536367,LOVE BUILDING BLOCK WORD,56250,13047,United Kingdom,Hobi,
536367,RECIPE BOX WITH METAL HEART,8250,13047,United Kingdom,Hobi,
536367,DOORMAT NEW ENGLAND,89250,13047,United Kingdom,Dapur,
536368,JAM MAKING SET WITH JARS,127500,13047,United Kingdom,Dapur,
536368,RED COAT RACK PARIS FASHION,127500,13047,United Kingdom,Dapur,
536368,YELLOW COAT RACK PARIS FASHION,127500,13047,United Kingdom,Dapur,
536368,BLUE COAT RACK PARIS FASHION,18750,13047,United Kingdom,Dapur,
536369,BATH BUILDING BLOCK WORD,38250,13047,United Kingdom,Hobi,
536370,ALARM CLOCK BAKELIKE PINK,156000,12583,France,Elektronik,
536370,ALARM CLOCK BAKELIKE RED ,56250,12583,France,Elektronik,
536370,ALARM CLOCK BAKELIKE GREEN,8250,12583,France,Elektronik,
536370,PANDA AND BUNNIES STICKER SHEET,89250,12583,France,Hobi,
536370,STARS GIFT TAPE ,127500,12583,France,Hobi,
536370,INFLATABLE POLITICAL GLOBE ,127500,12583,France,Hobi,
536370,VINTAGE HEADS AND TAILS CARD GAME ,127500,12583,France,Hobi,
536370,SET/2 RED RETROSPOT TEA TOWELS ,18750,12583,France,Dapur,
536370,ROUND SNACK BOXES SET OF4 WOODLAND ,38250,12583,France,Cafe,
536370,SPACEBOY LUNCH BOX ,156000,12583,France,Dapur,
536370,LUNCH BOX I LOVE LONDON,56250,12583,France,Dapur,
536370,CIRCUS PARADE LUNCH BOX ,8250,12583,France,Dapur,
536370,CHARLOTTE BAG DOLLY GIRL DESIGN,89250,12583,France,Hobi,
536370,RED TOADSTOOL LED NIGHT LIGHT,127500,12583,France,Elektronik,
536370, SET 2 TEA TOWELS I LOVE LONDON ,127500,12583,France,Dapur,
536370,VINTAGE SEASIDE JIGSAW PUZZLES,127500,12583,France,Hobi,
536370,MINI JIGSAW CIRCUS PARADE ,18750,12583,France,Hobi,
536370,MINI JIGSAW SPACEBOY,38250,12583,France,Hobi,
536370,MINI PAINT SET VINTAGE ,156000,12583,France,Hobi,
536370,POSTAGE,56250,12583,France,Travel,
536371,PAPER CHAIN KIT 50'S CHRISTMAS ,8250,13748,United Kingdom,Travel,
536372,HAND WARMER RED POLKA DOT,89250,17850,United Kingdom,Travel,
536372,HAND WARMER UNION JACK,127500,17850,United Kingdom,Travel,
536373,WHITE HANGING HEART T-LIGHT HOLDER,127500,17850,United Kingdom,Travel,
536373,WHITE METAL LANTERN,127500,17850,United Kingdom,Elektronik,
536373,CREAM CUPID HEARTS COAT HANGER,18750,17850,United Kingdom,Baju,
536373,EDWARDIAN PARASOL RED,38250,17850,United Kingdom,Travel,
536373,RETRO COFFEE MUGS ASSORTED,156000,17850,United Kingdom,Cafe,
536373,SAVE THE PLANET MUG,127500,17850,United Kingdom,Dapur,
536373,VINTAGE BILLBOARD DRINK ME MUG,74250,17850,United Kingdom,Cafe,
536373,VINTAGE BILLBOARD LOVE/HATE MUG,1875000,17850,United Kingdom,Cafe,
536373,WOOD 2 DRAWER CABINET WHITE FINISH,89250,17850,United Kingdom,Hobi,
536373,WOOD S/3 CABINET ANT WHITE FINISH,43350,17850,United Kingdom,Hobi,
536373,WOODEN PICTURE FRAME WHITE FINISH,18750,17850,United Kingdom,Hobi,
536373,WOODEN FRAME ANTIQUE WHITE ,156000,17850,United Kingdom,Hobi,
536373,KNITTED UNION FLAG HOT WATER BOTTLE,122250,17850,United Kingdom,Travel,
536373,RED WOOLLY HOTTIE WHITE HEART.,122250,17850,United Kingdom,Travel,
536373,SET 7 BABUSHKA NESTING BOXES,122250,17850,United Kingdom,Travel,
536373,GLASS STAR FROSTED T-LIGHT HOLDER,127500,17850,United Kingdom,Cafe,
536374,VICTORIAN SEWING BOX LARGE,74250,15100,United Kingdom,Hobi,
536375,WHITE HANGING HEART T-LIGHT HOLDER,1875000,17850,United Kingdom,Elektronik,
536375,WHITE METAL LANTERN,89250,17850,United Kingdom,Baju,
536375,CREAM CUPID HEARTS COAT HANGER,43350,17850,United Kingdom,Hobi,
536375,EDWARDIAN PARASOL RED,18750,17850,United Kingdom,Cafe,
536375,RETRO COFFEE MUGS ASSORTED,156000,17850,United Kingdom,Cafe,
536375,SAVE THE PLANET MUG,122250,17850,United Kingdom,Cafe,
536375,VINTAGE BILLBOARD DRINK ME MUG,122250,17850,United Kingdom,Cafe,
536375,VINTAGE BILLBOARD LOVE/HATE MUG,122250,17850,United Kingdom,Cafe,
536375,WOOD 2 DRAWER CABINET WHITE FINISH,56250,17850,United Kingdom,Baju,
536375,WOOD S/3 CABINET ANT WHITE FINISH,8250,17850,United Kingdom,Dapur,
536375,WOODEN PICTURE FRAME WHITE FINISH,89250,17850,United Kingdom,Dapur,
536375,WOODEN FRAME ANTIQUE WHITE ,56250,17850,United Kingdom,Dapur,
536375,KNITTED UNION FLAG HOT WATER BOTTLE,8250,17850,United Kingdom,Travel,
536375,RED WOOLLY HOTTIE WHITE HEART.,89250,17850,United Kingdom,Travel,
536375,SET 7 BABUSHKA NESTING BOXES,122250,17850,United Kingdom,Travel,
536375,GLASS STAR FROSTED T-LIGHT HOLDER,122250,17850,United Kingdom,Cafe,
536376,HOT WATER BOTTLE TEA AND SYMPATHY,56250,15291,United Kingdom,Dapur,
536376,RED HANGING HEART T-LIGHT HOLDER,8250,15291,United Kingdom,Travel,
536377,HAND WARMER RED POLKA DOT,89250,17850,United Kingdom,Travel,
536377,HAND WARMER UNION JACK,56250,17850,United Kingdom,Travel,
536378,JUMBO BAG PINK POLKADOT,8250,14688,United Kingdom,Baju,
536378,JUMBO  BAG BAROQUE BLACK WHITE,89250,14688,United Kingdom,Baju,
536378,JUMBO BAG CHARLIE AND LOLA TOYS,122250,14688,United Kingdom,Baju,
536378,STRAWBERRY CHARLOTTE BAG,122250,14688,United Kingdom,Baju,
536378,RED 3 PIECE RETROSPOT CUTLERY SET,56250,14688,United Kingdom,Dapur,
536378,BLUE 3 PIECE POLKADOT CUTLERY SET,8250,14688,United Kingdom,Dapur,
536378,SET/6 RED SPOTTY PAPER PLATES,89250,14688,United Kingdom,Dapur,
536378,LUNCH BAG RED RETROSPOT,56250,14688,United Kingdom,Dapur,
536378,STRAWBERRY LUNCH BOX WITH CUTLERY,8250,14688,United Kingdom,Dapur,
536378,LUNCH BOX WITH CUTLERY RETROSPOT ,89250,14688,United Kingdom,Dapur,
536378,PACK OF 72 RETROSPOT CAKE CASES,89250,14688,United Kingdom,Cafe,
536378,PACK OF 60 DINOSAUR CAKE CASES,56250,14688,United Kingdom,Cafe,
536378,PACK OF 60 PINK PAISLEY CAKE CASES,8250,14688,United Kingdom,Cafe,
536378,60 TEATIME FAIRY CAKE CASES,89250,14688,United Kingdom,Cafe,
536378,TOMATO CHARLIE+LOLA COASTER SET,122250,14688,United Kingdom,Dapur,
536378,CHARLIE & LOLA WASTEPAPER BIN FLORA,122250,14688,United Kingdom,Dapur,
536378,RED CHARLIE+LOLA PERSONAL DOORSIGN,56250,14688,United Kingdom,Dapur,
536378,JUMBO STORAGE BAG SUKI,8250,14688,United Kingdom,Hobi,
536378,JUMBO BAG PINK VINTAGE PAISLEY,89250,14688,United Kingdom,Hobi,
536380,JAM MAKING SET PRINTED,56250,17809,United Kingdom,Dapur,
536381,RETROSPOT TEA SET CERAMIC 11 PC ,8250,15311,United Kingdom,Cafe,
536381,GIRLY PINK TOOL SET,89250,15311,United Kingdom,Hobi,
536381,JUMBO SHOPPER VINTAGE RED PAISLEY,89250,15311,United Kingdom,Hobi,
536381,"AIRLINE LOUNGE,METAL SIGN",56250,15311,United Kingdom,Travel,
536381,WHITE SPOT RED CERAMIC DRAWER KNOB,8250,15311,United Kingdom,Baju,
536381,RED DRAWER KNOB ACRYLIC EDWARDIAN,89250,15311,United Kingdom,Baju,
536381,CLEAR DRAWER KNOB ACRYLIC EDWARDIAN,122250,15311,United Kingdom,Baju,
536381,PHOTO CLIP LINE,122250,15311,United Kingdom,Hobi,
536381,FELT EGG COSY CHICKEN,56250,15311,United Kingdom,Hobi,
536381,PIGGY BANK RETROSPOT ,8250,15311,United Kingdom,Hobi,
536381,SKULL SHOULDER BAG,89250,15311,United Kingdom,Hobi,
536381,YOU'RE CONFUSING ME METAL SIGN ,56250,15311,United Kingdom,Cafe,
536381,COOK WITH WINE METAL SIGN ,8250,15311,United Kingdom,Cafe,
536381,GIN + TONIC DIET METAL SIGN,89250,15311,United Kingdom,Cafe,
536381,YELLOW BREAKFAST CUP AND SAUCER,89250,15311,United Kingdom,Dapur,
536381,PINK BREAKFAST CUP AND SAUCER ,56250,15311,United Kingdom,Dapur,
536381,PAPER CHAIN KIT 50'S CHRISTMAS ,8250,15311,United Kingdom,Cafe,
536381,PAPER CHAIN KIT RETROSPOT,89250,15311,United Kingdom,Cafe,
536381,SMALL HEART FLOWERS HOOK ,56250,15311,United Kingdom,Cafe,
536381,PHOTO CLIP LINE,8250,15311,United Kingdom,Hobi,
536381,TEA TIME DES TEA COSY,89250,15311,United Kingdom,Cafe,
536381,FELT EGG COSY WHITE RABBIT ,89250,15311,United Kingdom,Cafe,
536381,ZINC WILLIE WINKIE  CANDLE STICK,56250,15311,United Kingdom,Cafe,
536381,CERAMIC CHERRY CAKE MONEY BANK,8250,15311,United Kingdom,Cafe,
536381,RETROSPOT LARGE MILK JUG,89250,15311,United Kingdom,Dapur,
536381,SET OF 6 FUNKY BEAKERS,56250,15311,United Kingdom,Dapur,
536381,EDWARDIAN PARASOL BLACK,8250,15311,United Kingdom,Hobi,
536381,EDWARDIAN PARASOL NATURAL,89250,15311,United Kingdom,Hobi,
536381,CERAMIC STRAWBERRY CAKE MONEY BANK,89250,15311,United Kingdom,Hobi,
536381,BLUE OWL SOFT TOY,56250,15311,United Kingdom,Hobi,
536381,BALLOON ART MAKE YOUR OWN FLOWERS,8250,15311,United Kingdom,Hobi,
536381,RED TOADSTOOL LED NIGHT LIGHT,89250,15311,United Kingdom,Hobi,
536381,GLASS CLOCHE SMALL,56250,15311,United Kingdom,Cafe,
536381,GUMBALL MONOCHROME COAT RACK,8250,15311,United Kingdom,Baju,
536381,DOORMAT FANCY FONT HOME SWEET HOME,89250,15311,United Kingdom,Hobi,
536382,INFLATABLE POLITICAL GLOBE ,89250,16098,United Kingdom,Hobi,
536382,VINTAGE SNAKES & LADDERS,122250,16098,United Kingdom,Travel,
536382,CHOCOLATE CALCULATOR,122250,16098,United Kingdom,Hobi,
536382,JUMBO SHOPPER VINTAGE RED PAISLEY,56250,16098,United Kingdom,Baju,
536382,RECYCLING BAG RETROSPOT ,8250,16098,United Kingdom,Baju,
536382,TOY TIDY PINK POLKADOT,89250,16098,United Kingdom,Hobi,
536382,ANTIQUE GLASS DRESSING TABLE POT,56250,16098,United Kingdom,Dapur,
536382,ALARM CLOCK BAKELIKE GREEN,8250,16098,United Kingdom,Hobi,
536382,IVORY GIANT GARDEN THERMOMETER,89250,16098,United Kingdom,Hobi,
536382,3 TIER CAKE TIN GREEN AND CREAM,89250,16098,United Kingdom,Cafe,
536382,3 TIER CAKE TIN RED AND CREAM,56250,16098,United Kingdom,Cafe,
536382,SET 3 WICKER OVAL BASKETS W LIDS,8250,16098,United Kingdom,Cafe,
C536383,SET OF 3 COLOURED  FLYING DUCKS,122250,15311,United Kingdom,Hobi,
536384,WOOD BLACK BOARD ANT WHITE FINISH,122250,18074,United Kingdom,Baju,
536384,COLOUR GLASS T-LIGHT HOLDER HANGING,56250,18074,United Kingdom,Cafe,
536384,HANGING METAL HEART LANTERN,8250,18074,United Kingdom,Elektronik,
536384,HANGING MEDINA LANTERN SMALL,89250,18074,United Kingdom,Elektronik,
536384,NATURAL SLATE HEART CHALKBOARD ,56250,18074,United Kingdom,Hobi,
536384,HEART OF WICKER SMALL,8250,18074,United Kingdom,Hobi,
536384,HEART OF WICKER LARGE,89250,18074,United Kingdom,Hobi,
536384,WHITE LOVEBIRD LANTERN,89250,18074,United Kingdom,Elektronik,
536384,CLASSIC METAL BIRDCAGE PLANT HOLDER,56250,18074,United Kingdom,Elektronik,
536384,CREAM HEART CARD HOLDER,8250,18074,United Kingdom,Hobi,
536384,ENAMEL FLOWER JUG CREAM,122250,18074,United Kingdom,Cafe,
536384,ENAMEL FIRE BUCKET CREAM,122250,18074,United Kingdom,Cafe,
536384,ENAMEL BREAD BIN CREAM,56250,18074,United Kingdom,Cafe,
536385,SET 3 WICKER OVAL BASKETS W LIDS,8250,17420,United Kingdom,Hobi,
536385,JAM MAKING SET PRINTED,89250,17420,United Kingdom,Hobi,
536385,JAM MAKING SET WITH JARS,56250,17420,United Kingdom,Hobi,
536385,JUMBO BAG DOLLY GIRL DESIGN,8250,17420,United Kingdom,Baju,
536385,TRADITIONAL CHRISTMAS RIBBONS,89250,17420,United Kingdom,Hobi,
536385,ORGANISER WOOD ANTIQUE WHITE ,89250,17420,United Kingdom,Hobi,
536385,LUNCH BAG DOLLY GIRL DESIGN,56250,17420,United Kingdom,Baju,
536386,WHITE WIRE EGG HOLDER,8250,16029,United Kingdom,Dapur,
536386,JUMBO  BAG BAROQUE BLACK WHITE,18750,16029,United Kingdom,Baju,
536386,JUMBO BAG RED RETROSPOT,89250,16029,United Kingdom,Baju,
536387,CHILLI LIGHTS,224250,16029,United Kingdom,Elektronik,
536387,LIGHT GARLAND BUTTERFILES PINK,29250,16029,United Kingdom,Elektronik,
536387,WOODEN OWLS LIGHT GARLAND ,539250,16029,United Kingdom,Baju,
536387,FAIRY TALE COTTAGE NIGHTLIGHT,15900,16029,United Kingdom,Elektronik,
536387,RED TOADSTOOL LED NIGHT LIGHT,149250,16029,United Kingdom,Elektronik,
536388,HOME BUILDING BLOCK WORD,2250000,16250,United Kingdom,Hobi,
536388,LOVE BUILDING BLOCK WORD,1500000,16250,United Kingdom,Hobi,
536388,DOORMAT FANCY FONT HOME SWEET HOME,1499850,16250,United Kingdom,Dapur,
536388,HOME SMALL WOOD LETTERS,899850,16250,United Kingdom,Hobi,
536388,GINGHAM HEART  DOORSTOP RED,2535000,16250,United Kingdom,Hobi,
536388,FIVE HEART HANGING DECORATION,1409850,16250,United Kingdom,Hobi,
536388,HANGING METAL HEART LANTERN,18750,16250,United Kingdom,Elektronik,
536388,ASSORTED BOTTLE TOP  MAGNETS ,89250,16250,United Kingdom,Dapur,
536388,FRIDGE MAGNETS US DINER ASSORTED,224250,16250,United Kingdom,Dapur,
536388,HOMEMADE JAM SCENTED CANDLES,29250,16250,United Kingdom,Cafe,
536388,FRIDGE MAGNETS LES ENFANTS ASSORTED,539250,16250,United Kingdom,Cafe,
536388,ROSE CARAVAN DOORSTOP,15900,16250,United Kingdom,Elektronik,
536388,HEART OF WICKER SMALL,149250,16250,United Kingdom,Elektronik,
536388,5 HOOK HANGER MAGIC TOADSTOOL,2250000,16250,United Kingdom,Elektronik,
536389,CHRISTMAS LIGHTS 10 REINDEER,1500000,12431,Australia,Hobi,
536389,VINTAGE UNION JACK CUSHION COVER,1499850,12431,Australia,Hobi,
536389,VINTAGE HEADS AND TAILS CARD GAME ,899850,12431,Australia,Hobi,
536389,SET OF 3 COLOURED  FLYING DUCKS,2535000,12431,Australia,Hobi,
536389,SET OF 3 GOLD FLYING DUCKS,1409850,12431,Australia,Hobi,
536389,RED RETROSPOT UMBRELLA,18750,12431,Australia,Hobi,
536389,BLACK/BLUE POLKADOT UMBRELLA,89250,12431,Australia,Hobi,
536389,RED DINER WALL CLOCK,224250,12431,Australia,Elektronik,
536389,ALARM CLOCK BAKELIKE GREEN,29250,12431,Australia,Elektronik,
536389,ALARM CLOCK BAKELIKE RED ,539250,12431,Australia,Elektronik,
536389,BLUE DINER WALL CLOCK,15900,12431,Australia,Elektronik,
536389,IVORY DINER WALL CLOCK,149250,12431,Australia,Elektronik,
536389,LARGE HEART MEASURING SPOONS,2250000,12431,Australia,Dapur,
536389,SMALL HEART MEASURING SPOONS,1500000,12431,Australia,Dapur,
536390,CHRISTMAS LIGHTS 10 REINDEER,1499850,17511,United Kingdom,Elektronik,
536390,JAM MAKING SET WITH JARS,899850,17511,United Kingdom,Cafe,
536390,JAM MAKING SET PRINTED,2535000,17511,United Kingdom,Cafe,
536390,JAM JAR WITH PINK LID,1409850,17511,United Kingdom,Dapur,
536390,JAM JAR WITH GREEN LID,18750,17511,United Kingdom,Dapur,
536390,ROSE COTTAGE KEEPSAKE BOX ,89250,17511,United Kingdom,Dapur,
536390,HANGING HEART ZINC T-LIGHT HOLDER,224250,17511,United Kingdom,Elektronik,
536390,PAPER CHAIN KIT VINTAGE CHRISTMAS,29250,17511,United Kingdom,Elektronik,
536390,DISCO BALL CHRISTMAS DECORATION,539250,17511,United Kingdom,Elektronik,
536390,WHITE HANGING HEART T-LIGHT HOLDER,15900,17511,United Kingdom,Elektronik,
536390,SMALL POPCORN HOLDER,149250,17511,United Kingdom,Dapur,
536390,LARGE POPCORN HOLDER ,2250000,17511,United Kingdom,Cafe,
536390,RETROSPOT LARGE MILK JUG,1500000,17511,United Kingdom,Dapur,
536390,SET/20 RED RETROSPOT PAPER NAPKINS ,1499850,17511,United Kingdom,Dapur,
536390,SET/6 RED SPOTTY PAPER PLATES,899850,17511,United Kingdom,Dapur,
536390,SET/6 RED SPOTTY PAPER CUPS,2535000,17511,United Kingdom,Dapur,
536390,POLKADOT RAIN HAT ,1409850,17511,United Kingdom,Baju,
536390,DELUXE SEWING KIT ,149250,17511,United Kingdom,Baju,
536390,RETROSPOT HEART HOT WATER BOTTLE,2250000,17511,United Kingdom,Dapur,
536390,KNITTED UNION FLAG HOT WATER BOTTLE,1500000,17511,United Kingdom,Travel,
536390,ENGLISH ROSE HOT WATER BOTTLE,1499850,17511,United Kingdom,Travel,
536390,PHOTO CUBE,899850,17511,United Kingdom,Hobi,
536390,HOMEMADE JAM SCENTED CANDLES,2535000,17511,United Kingdom,Hobi,
536390,JUMBO BAG RED RETROSPOT,1409850,17511,United Kingdom,Baju,
C536391,PLASTERS IN TIN CIRCUS PARADE ,18750,17548,United Kingdom,Hobi,
C536391,PACK OF 12 PINK PAISLEY TISSUES ,89250,17548,United Kingdom,Cafe,
C536391,PACK OF 12 BLUE PAISLEY TISSUES ,224250,17548,United Kingdom,Cafe,
C536391,PACK OF 12 RED RETROSPOT TISSUES ,29250,17548,United Kingdom,Dapur,
C536391,CHICK GREY HOT WATER BOTTLE,539250,17548,United Kingdom,Dapur,
C536391,PLASTERS IN TIN VINTAGE PAISLEY ,15900,17548,United Kingdom,Hobi,
C536391,PLASTERS IN TIN SKULLS,149250,17548,United Kingdom,Hobi,
536392,3 STRIPEY MICE FELTCRAFT,2250000,13705,United Kingdom,Hobi,
536392,SET OF 6 SOLDIER SKITTLES,1500000,13705,United Kingdom,Dapur,
536392,TRADITIONAL WOODEN SKIPPING ROPE,1499850,13705,United Kingdom,Baju,
536392,WOODEN BOX OF DOMINOES,899850,13705,United Kingdom,Baju,
536392,RUSTIC  SEVENTEEN DRAWER SIDEBOARD,2535000,13705,United Kingdom,Baju,
536392,PARTY CONES CARNIVAL ASSORTED,1409850,13705,United Kingdom,Hobi,
536392,PARTY CONES CANDY ASSORTED,149250,13705,United Kingdom,Hobi,
536392,PICNIC BASKET WICKER SMALL,2250000,13705,United Kingdom,Hobi,
536392,ASSORTED COLOUR BIRD ORNAMENT,1500000,13705,United Kingdom,Cafe,
536392,STAR DECORATION PAINTED ZINC ,1499850,13705,United Kingdom,Cafe,
536393,RETROSPOT LAMP,899850,13747,United Kingdom,Elektronik,
536394,"FANCY FONT BIRTHDAY CARD, ",2535000,13408,United Kingdom,Hobi,
536394,HAND WARMER UNION JACK,1409850,13408,United Kingdom,Travel,
536394,HAND WARMER SCOTTY DOG DESIGN,18750,13408,United Kingdom,Travel,
536394,HAND WARMER OWL DESIGN,89250,13408,United Kingdom,Travel,
536394,HAND WARMER RED RETROSPOT,224250,13408,United Kingdom,Travel,
536394,RETROSPOT HEART HOT WATER BOTTLE,29250,13408,United Kingdom,Dapur,
536394,DOG BOWL CHASING BALL DESIGN,539250,13408,United Kingdom,Hobi,
536394,CLOTHES PEGS RETROSPOT PACK 24 ,15900,13408,United Kingdom,Baju,
536394,HAND OVER THE CHOCOLATE   SIGN ,149250,13408,United Kingdom,Travel,
536394,WHITE HANGING HEART T-LIGHT HOLDER,2250000,13408,United Kingdom,Elektronik,
536394,TRAVEL SEWING KIT,1500000,13408,United Kingdom,Baju,
536395,BLACK HEART CARD HOLDER,1499850,13767,United Kingdom,Hobi,
536395,ASSORTED COLOUR BIRD ORNAMENT,899850,13767,United Kingdom,Hobi,
536395,PACK OF 60 PINK PAISLEY CAKE CASES,2535000,13767,United Kingdom,Dapur,
536395,60 TEATIME FAIRY CAKE CASES,1409850,13767,United Kingdom,Dapur,
536395,PACK OF 72 RETROSPOT CAKE CASES,149250,13767,United Kingdom,Cafe,
536395,CHICK GREY HOT WATER BOTTLE,2250000,13767,United Kingdom,Dapur,
536395,SMALL GLASS HEART TRINKET POT,1500000,13767,United Kingdom,Dapur,
536395,ALARM CLOCK BAKELIKE IVORY,1499850,13767,United Kingdom,Elektronik,
536395,ALARM CLOCK BAKELIKE RED ,899850,13767,United Kingdom,Elektronik,
536395,ALARM CLOCK BAKELIKE ORANGE,2535000,13767,United Kingdom,Elektronik,
536395,ALARM CLOCK BAKELIKE GREEN,1409850,13767,United Kingdom,Elektronik,
536395,HOT WATER BOTTLE TEA AND SYMPATHY,18750,13767,United Kingdom,Elektronik,
536395,HAND WARMER BIRD DESIGN,89250,13767,United Kingdom,Elektronik,
536395,HAND WARMER SCOTTY DOG DESIGN,224250,13767,United Kingdom,Travel,
536396,WHITE HANGING HEART T-LIGHT HOLDER,29250,17850,United Kingdom,Travel,
536396,WHITE METAL LANTERN,539250,17850,United Kingdom,Elektronik,
536396,CREAM CUPID HEARTS COAT HANGER,15900,17850,United Kingdom,Baju,
536396,EDWARDIAN PARASOL BLACK,149250,17850,United Kingdom,Baju,
536396,EDWARDIAN PARASOL RED,2250000,17850,United Kingdom,Baju,
536396,RETRO COFFEE MUGS ASSORTED,1500000,17850,United Kingdom,Cafe,
536396,SAVE THE PLANET MUG,1499850,17850,United Kingdom,Cafe,
536396,VINTAGE BILLBOARD DRINK ME MUG,899850,17850,United Kingdom,Cafe,
536396,VINTAGE BILLBOARD LOVE/HATE MUG,2535000,17850,United Kingdom,Cafe,
536396,WOOD 2 DRAWER CABINET WHITE FINISH,1409850,17850,United Kingdom,Baju,
536396,WOOD S/3 CABINET ANT WHITE FINISH,149250,17850,United Kingdom,Baju,
536396,WOODEN PICTURE FRAME WHITE FINISH,2250000,17850,United Kingdom,Baju,
536396,WOODEN FRAME ANTIQUE WHITE ,1500000,17850,United Kingdom,Baju,
536396,KNITTED UNION FLAG HOT WATER BOTTLE,1499850,17850,United Kingdom,Travel,
536396,RED WOOLLY HOTTIE WHITE HEART.,899850,17850,United Kingdom,Travel,
536396,SET 7 BABUSHKA NESTING BOXES,2535000,17850,United Kingdom,Travel,
536396,IVORY EMBROIDERED QUILT ,1409850,17850,United Kingdom,Travel,
536396,GLASS STAR FROSTED T-LIGHT HOLDER,18750,17850,United Kingdom,Elektronik,
536397,SET OF 3 BLACK FLYING DUCKS,89250,17924,United Kingdom,Hobi,
536397,SET OF 3 COLOURED  FLYING DUCKS,224250,17924,United Kingdom,Hobi,
536398,PACK OF 12 RED RETROSPOT TISSUES ,29250,13448,United Kingdom,Dapur,
536398,RED RETROSPOT MUG,539250,13448,United Kingdom,Dapur,
536398,BABUSHKA LIGHTS STRING OF 10,15900,13448,United Kingdom,Travel,
536398,PIGGY BANK RETROSPOT ,149250,13448,United Kingdom,Travel,
536398,SET 7 BABUSHKA NESTING BOXES,2250000,13448,United Kingdom,Travel,
536398,DOORMAT FAIRY CAKE,1500000,13448,United Kingdom,Dapur,
536398,HAND WARMER RED RETROSPOT,1499850,13448,United Kingdom,Travel,
536398,HAND WARMER SCOTTY DOG DESIGN,899850,13448,United Kingdom,Travel,
536398,HAND WARMER OWL DESIGN,2535000,13448,United Kingdom,Travel,
536398,STRAWBERRY CERAMIC TRINKET BOX,1409850,13448,United Kingdom,Baju,
536398,PINK DOUGHNUT TRINKET POT ,149250,13448,United Kingdom,Dapur,
536398,SILK PURSE BABUSHKA PINK,2250000,13448,United Kingdom,Baju,
536398,HOT WATER BOTTLE TEA AND SYMPATHY,1500000,13448,United Kingdom,Dapur,
536398,HOT WATER BOTTLE I AM SO POORLY,1499850,13448,United Kingdom,Dapur,
536398,CHOCOLATE HOT WATER BOTTLE,899850,13448,United Kingdom,Dapur,
536398,WHITE SKULL HOT WATER BOTTLE ,2535000,13448,United Kingdom,Dapur,
536398,SCOTTIE DOG HOT WATER BOTTLE,1409850,13448,United Kingdom,Dapur,
536399,HAND WARMER RED POLKA DOT,18750,17850,United Kingdom,Travel,
536399,HAND WARMER UNION JACK,89250,17850,United Kingdom,Travel,
536400,HOMEMADE JAM SCENTED CANDLES,224250,13448,United Kingdom,Hobi,
536401,BIRD HOUSE HOT WATER BOTTLE,29250,15862,United Kingdom,Dapur,
536401,BOUDOIR SQUARE TISSUE BOX,539250,15862,United Kingdom,Dapur,
536401,SKULLS SQUARE TISSUE BOX,15900,15862,United Kingdom,Dapur,
536401,PHOTO FRAME CORNICE,149250,15862,United Kingdom,Hobi,
536401,SILK PURSE BABUSHKA RED,2250000,15862,United Kingdom,Baju,
536401,PICTURE DOMINOES,1500000,15862,United Kingdom,Hobi,
536401,S/6 SEW ON CROCHET FLOWERS,1499850,15862,United Kingdom,Baju,
536401,SCANDINAVIAN REDS RIBBONS,899850,15862,United Kingdom,Baju,
536401,BALLOONS  WRITING SET ,2535000,15862,United Kingdom,Hobi,
536401,JAM MAKING SET PRINTED,1409850,15862,United Kingdom,Cafe,
536401,LAVENDER INCENSE IN TIN,149250,15862,United Kingdom,Cafe,
536401,TV DINNER TRAY VINTAGE PAISLEY,2250000,15862,United Kingdom,Elektronik,
536401,SET OF 4 ENGLISH ROSE PLACEMATS,1500000,15862,United Kingdom,Dapur,
536401,SET OF 4 ENGLISH ROSE COASTERS,1499850,15862,United Kingdom,Dapur,
536401,TRIPLE PHOTO FRAME CORNICE ,899850,15862,United Kingdom,Hobi,
536401,FAMILY PHOTO FRAME CORNICE,2535000,15862,United Kingdom,Hobi,
536401,MIRRORED DISCO BALL ,1409850,15862,United Kingdom,Hobi,
536401,DISCO BALL ROTATOR BATTERY OPERATED,18750,15862,United Kingdom,Elektronik,
536401,SILVER LOOKING MIRROR,89250,15862,United Kingdom,Elektronik,
536401,LADIES & GENTLEMEN METAL SIGN,224250,15862,United Kingdom,Cafe,
536401,METAL SIGN HER DINNER IS SERVED ,29250,15862,United Kingdom,Cafe,
536401,YOU'RE CONFUSING ME METAL SIGN ,539250,15862,United Kingdom,Cafe,
536401,DOORMAT TOPIARY,15900,15862,United Kingdom,Dapur,
536401,BATHROOM METAL SIGN,149250,15862,United Kingdom,Cafe,
536401,KITCHEN METAL SIGN,2250000,15862,United Kingdom,Cafe,
536401,TOILET METAL SIGN,1500000,15862,United Kingdom,Cafe,
536401,METAL SIGN TAKE IT OR LEAVE IT ,1499850,15862,United Kingdom,Cafe,
536401,I'M ON HOLIDAY METAL SIGN,899850,15862,United Kingdom,Cafe,
536401,GROW YOUR OWN BASIL IN ENAMEL MUG,2535000,15862,United Kingdom,Dapur,
536401,SET/10 PINK POLKADOT PARTY CANDLES,1409850,15862,United Kingdom,Dapur,
536401,SET 20 NAPKINS FAIRY CAKES DESIGN ,149250,15862,United Kingdom,Cafe,
536401,60 TEATIME FAIRY CAKE CASES,2250000,15862,United Kingdom,Cafe,
536401,SET OF 6 T-LIGHTS SNOWMEN,1500000,15862,United Kingdom,Elektronik,
536401,SET OF 6 T-LIGHTS SANTA,1499850,15862,United Kingdom,Elektronik,
536401,SET OF 9 HEART SHAPED BALLOONS,899850,15862,United Kingdom,Travel,
536401,SANDWICH BATH SPONGE,2535000,15862,United Kingdom,Travel,
536401,APPLE BATH SPONGE,1409850,15862,United Kingdom,Travel,
536401,STRAWBERRY BATH SPONGE ,18750,15862,United Kingdom,Travel,
536401,BLACK PIRATE TREASURE CHEST,89250,15862,United Kingdom,Travel,
536401,STAR PORTABLE TABLE LIGHT ,224250,15862,United Kingdom,Elektronik,
536401,SNOWFLAKE PORTABLE TABLE LIGHT ,29250,15862,United Kingdom,Elektronik,
536401,PINK OVAL JEWELLED MIRROR,539250,15862,United Kingdom,Elektronik,
536401,RETROSPOT CIGAR BOX MATCHES ,15900,15862,United Kingdom,Baju,
536401,COSY HOUR GIANT TUBE MATCHES,149250,15862,United Kingdom,Baju,
536401,JAZZ HEARTS PURSE NOTEBOOK,2250000,15862,United Kingdom,Hobi,
536401,LUNCH BAG DOLLY GIRL DESIGN,1500000,15862,United Kingdom,Baju,
536401,WHITE HANGING HEART T-LIGHT HOLDER,1499850,15862,United Kingdom,Elektronik,
536401,CANDLEHOLDER PINK HANGING HEART,899850,15862,United Kingdom,Cafe,
536401,WOOD 2 DRAWER CABINET WHITE FINISH,2535000,15862,United Kingdom,Baju,
536401,ASSORTED COLOUR MINI CASES,1409850,15862,United Kingdom,Baju,
536401,LUNCH BAG RED RETROSPOT,149250,15862,United Kingdom,Dapur,
536401,LUNCH BAG SPACEBOY DESIGN ,2250000,15862,United Kingdom,Dapur,
536401,LUNCH BAG WOODLAND,1500000,15862,United Kingdom,Dapur,
536401,LUNCH BAG PINK POLKADOT,1499850,15862,United Kingdom,Dapur,
536401,GUMBALL COAT RACK,899850,15862,United Kingdom,Baju,
536401,BLUE NEW BAROQUE CANDLESTICK CANDLE,2535000,15862,United Kingdom,Cafe,
536401,PINK NEW BAROQUECANDLESTICK CANDLE,1409850,15862,United Kingdom,Cafe,
536401,FAIRY CAKE FLANNEL ASSORTED COLOUR,18750,15862,United Kingdom,Cafe,
536401,BREAD BIN DINER STYLE PINK,89250,15862,United Kingdom,Cafe,
536401,JUMBO BAG CHARLIE AND LOLA TOYS,224250,15862,United Kingdom,Baju,
536401,TEA TIME TABLE CLOTH,29250,15862,United Kingdom,Cafe,
536401,ENGLISH ROSE HOT WATER BOTTLE,539250,15862,United Kingdom,Cafe,
536401,ENAMEL FIRE BUCKET CREAM,15900,15862,United Kingdom,Cafe,
536401,PICNIC BASKET WICKER SMALL,149250,15862,United Kingdom,Hobi,
536402,PAPER CHAIN KIT 50'S CHRISTMAS ,2250000,15513,United Kingdom,Hobi,
536402,PAPER CHAIN KIT VINTAGE CHRISTMAS,1500000,15513,United Kingdom,Hobi,
536402,HOT WATER BOTTLE BABUSHKA ,1499850,15513,United Kingdom,Travel,
536403,HAND WARMER BIRD DESIGN,899850,12791,Netherlands,Travel,
536403,POSTAGE,2535000,12791,Netherlands,Travel,
536404,HEART IVORY TRELLIS SMALL,1409850,16218,United Kingdom,Travel,
536404,CLEAR DRAWER KNOB ACRYLIC EDWARDIAN,149250,16218,United Kingdom,Baju,
536404,PINK DRAWER KNOB ACRYLIC EDWARDIAN,2250000,16218,United Kingdom,Baju,
536404,GREEN DRAWER KNOB ACRYLIC EDWARDIAN,1500000,16218,United Kingdom,Baju,
536404,BLUE DRAWER KNOB ACRYLIC EDWARDIAN,1499850,16218,United Kingdom,Dapur,
536404,HEART OF WICKER SMALL,899850,16218,United Kingdom,Dapur,
536404,SMALL POPCORN HOLDER,2535000,16218,United Kingdom,Dapur,
536404,SET 6 FOOTBALL CELEBRATION CANDLES,1409850,16218,United Kingdom,Dapur,
536404,SET OF 6 GIRLS CELEBRATION CANDLES,18750,16218,United Kingdom,Dapur,
536404,ROMANTIC PINKS RIBBONS ,89250,16218,United Kingdom,Hobi,
536404,BRIGHT BLUES RIBBONS ,224250,16218,United Kingdom,Hobi,
536404,SCANDINAVIAN REDS RIBBONS,29250,16218,United Kingdom,Hobi,
536404,CHOCOLATE BOX RIBBONS ,539250,16218,United Kingdom,Hobi,
536404,PARTY INVITES FOOTBALL,15900,16218,United Kingdom,Hobi,
536404,PARTY INVITES JAZZ HEARTS,149250,16218,United Kingdom,Hobi,
536404,PARTY INVITES SPACEMAN,2250000,16218,United Kingdom,Hobi,
536404,SET OF 3 BUTTERFLY COOKIE CUTTERS,1500000,16218,United Kingdom,Dapur,
536404,SET OF 3 HEART COOKIE CUTTERS,1499850,16218,United Kingdom,Dapur,
536404,3 PIECE SPACEBOY COOKIE CUTTER SET,899850,16218,United Kingdom,Dapur,
536404,PACK OF 72 SKULL CAKE CASES,2535000,16218,United Kingdom,Dapur,
536404,PACK OF 60 SPACEBOY CAKE CASES,1409850,16218,United Kingdom,Dapur,
536404,PACK OF 72 RETROSPOT CAKE CASES,149250,16218,United Kingdom,Cafe,
536404,72 SWEETHEART FAIRY CAKE CASES,2250000,16218,United Kingdom,Cafe,
536404,PACK OF 60 DINOSAUR CAKE CASES,1500000,16218,United Kingdom,Cafe,
536404,LUNCH BAG SUKI  DESIGN ,1499850,16218,United Kingdom,Dapur,
536404,LUNCH BAG CARS BLUE,899850,16218,United Kingdom,Dapur,
536404,LUNCH BAG  BLACK SKULL.,2535000,16218,United Kingdom,Dapur,
536404,HEART IVORY TRELLIS LARGE,1409850,16218,United Kingdom,Hobi,
536405,SET/5 RED RETROSPOT LID GLASS BOWLS,18750,14045,United Kingdom,Dapur,
536406,WHITE HANGING HEART T-LIGHT HOLDER,89250,17850,United Kingdom,Elektronik,
536406,WHITE METAL LANTERN,224250,17850,United Kingdom,Elektronik,
536406,CREAM CUPID HEARTS COAT HANGER,29250,17850,United Kingdom,Baju,
536406,EDWARDIAN PARASOL RED,539250,17850,United Kingdom,Baju,
536406,RETRO COFFEE MUGS ASSORTED,15900,17850,United Kingdom,Cafe,
536406,SAVE THE PLANET MUG,149250,17850,United Kingdom,Cafe,
536406,VINTAGE BILLBOARD DRINK ME MUG,2250000,17850,United Kingdom,Cafe,
536406,VINTAGE BILLBOARD LOVE/HATE MUG,1500000,17850,United Kingdom,Cafe,
536406,WOOD 2 DRAWER CABINET WHITE FINISH,1499850,17850,United Kingdom,Baju,
536406,WOOD S/3 CABINET ANT WHITE FINISH,899850,17850,United Kingdom,Baju,
536406,WOODEN PICTURE FRAME WHITE FINISH,2535000,17850,United Kingdom,Baju,
536406,WOODEN FRAME ANTIQUE WHITE ,1409850,17850,United Kingdom,Baju,
536406,KNITTED UNION FLAG HOT WATER BOTTLE,149250,17850,United Kingdom,Travel,
536406,RED WOOLLY HOTTIE WHITE HEART.,2250000,17850,United Kingdom,Travel,
536406,SET 7 BABUSHKA NESTING BOXES,1500000,17850,United Kingdom,Travel,
536406,IVORY EMBROIDERED QUILT ,1499850,17850,United Kingdom,Travel,
536406,GLASS STAR FROSTED T-LIGHT HOLDER,899850,17850,United Kingdom,Cafe,
536407,HAND WARMER RED POLKA DOT,2535000,17850,United Kingdom,Travel,
536407,HAND WARMER UNION JACK,1409850,17850,United Kingdom,Travel,
536408,MAGIC DRAWING SLATE DINOSAUR,18750,14307,United Kingdom,Hobi,
536408,MAGIC DRAWING SLATE BAKE A CAKE ,89250,14307,United Kingdom,Hobi,
536408,12 PENCILS TALL TUBE SKULLS,224250,14307,United Kingdom,Hobi,
536408,CHOCOLATE CALCULATOR,29250,14307,United Kingdom,Hobi,
536408,RED  HARMONICA IN BOX ,539250,14307,United Kingdom,Hobi,
536408,BLUE HARMONICA IN BOX ,15900,14307,United Kingdom,Hobi,
536408,SKULLS  WATER TRANSFER TATTOOS ,149250,14307,United Kingdom,Hobi,
536408,PACK 3 BOXES BIRD PANNETONE ,2250000,14307,United Kingdom,Hobi,
536408,HOT WATER BOTTLE TEA AND SYMPATHY,1500000,14307,United Kingdom,Cafe,
536408,RED WOOLLY HOTTIE WHITE HEART.,1499850,14307,United Kingdom,Travel,
536408,WHITE SKULL HOT WATER BOTTLE ,899850,14307,United Kingdom,Cafe,
536408,3 PIECE SPACEBOY COOKIE CUTTER SET,2535000,14307,United Kingdom,Cafe,
536408,SET OF 20 KIDS COOKIE CUTTERS,1409850,14307,United Kingdom,Dapur,
536408,10 COLOUR SPACEBOY PEN,149250,14307,United Kingdom,Hobi,
536408,VICTORIAN GLASS HANGING T-LIGHT,2250000,14307,United Kingdom,Cafe,
536408,SINGLE HEART ZINC T-LIGHT HOLDER,1500000,14307,United Kingdom,Elektronik,
536408,RED HANGING HEART T-LIGHT HOLDER,1499850,14307,United Kingdom,Elektronik,
536408,HANGING METAL STAR LANTERN,899850,14307,United Kingdom,Elektronik,
536408,SILVER HANGING T-LIGHT HOLDER,2535000,14307,United Kingdom,Elektronik,
536408,DOORMAT RED RETROSPOT,1409850,14307,United Kingdom,Dapur,
536408,DOORMAT HEARTS,18750,14307,United Kingdom,Dapur,
536408,NATURAL SLATE RECTANGLE CHALKBOARD,89250,14307,United Kingdom,Cafe,
536408,LOVEBIRD HANGING DECORATION WHITE ,224250,14307,United Kingdom,Cafe,
536408,ASSORTED COLOUR BIRD ORNAMENT,29250,14307,United Kingdom,Cafe,
536408,HOME BUILDING BLOCK WORD,539250,14307,United Kingdom,Hobi,
536408,LOVE BUILDING BLOCK WORD,15900,14307,United Kingdom,Hobi,
536408,PHOTO FRAME CORNICE,149250,14307,United Kingdom,Hobi,
536408,PENS ASSORTED FUNNY FACE,2250000,14307,United Kingdom,Hobi,
536408,CARD CIRCUS PARADE,1500000,14307,United Kingdom,Hobi,
536408,WRAP COWBOYS  ,1499850,14307,United Kingdom,Hobi,
536408,AIRLINE BAG VINTAGE TOKYO 78,899850,14307,United Kingdom,Baju,
536408,RED RETROSPOT UMBRELLA,2535000,14307,United Kingdom,Hobi,
536408,BLACK/BLUE POLKADOT UMBRELLA,1409850,14307,United Kingdom,Hobi,
536408,RED 3 PIECE RETROSPOT CUTLERY SET,149250,14307,United Kingdom,Cafe,
536408,PACK OF 72 RETROSPOT CAKE CASES,2250000,14307,United Kingdom,Cafe,
536408,SET OF 72 RETROSPOT PAPER  DOILIES,1500000,14307,United Kingdom,Cafe,
536408,BLUE COAT RACK PARIS FASHION,1499850,14307,United Kingdom,Baju,
536408,PLASTERS IN TIN SKULLS,899850,14307,United Kingdom,Hobi,
536408,SLEEPING CAT ERASERS,2535000,14307,United Kingdom,Hobi,
536408,CARD BIRTHDAY COWBOY,1409850,14307,United Kingdom,Hobi,
536408,PACK 3 BOXES CHRISTMAS PANNETONE,18750,14307,United Kingdom,Hobi,
536408,ROTATING SILVER ANGELS T-LIGHT HLDR,89250,14307,United Kingdom,Cafe,
536408,COSY HOUR GIANT TUBE MATCHES,224250,14307,United Kingdom,Hobi,
536408,RIBBON REEL MAKING SNOWMEN ,29250,14307,United Kingdom,Hobi,
536408,MINI PAINT SET VINTAGE ,539250,14307,United Kingdom,Hobi,
536408,4 TRADITIONAL SPINNING TOPS,15900,14307,United Kingdom,Hobi,
536408,SET OF 6 SOLDIER SKITTLES,149250,14307,United Kingdom,Hobi,
536408,BAG 500g SWIRLY MARBLES,2250000,14307,United Kingdom,Baju,
536409,5 STRAND GLASS NECKLACE CRYSTAL,1500000,17908,United Kingdom,Hobi,
536409,WHITE SKULL HOT WATER BOTTLE ,1499850,17908,United Kingdom,Dapur,
536409,SCOTTIE DOG HOT WATER BOTTLE,899850,17908,United Kingdom,Dapur,
536409,SQUARECUSHION COVER PINK UNION FLAG,2535000,17908,United Kingdom,Hobi,
536409,SPACEBOY CHILDRENS EGG CUP,1409850,17908,United Kingdom,Hobi,
536409,CHILDREN'S SPACEBOY MUG,149250,17908,United Kingdom,Hobi,
536409,HAND WARMER SCOTTY DOG DESIGN,2250000,17908,United Kingdom,Travel,
536409,FELTCRAFT CUSHION OWL,1500000,17908,United Kingdom,Travel,
536409,BLACK CANDELABRA T-LIGHT HOLDER,1499850,17908,United Kingdom,Cafe,
536409,TOY TIDY DOLLY GIRL DESIGN,899850,17908,United Kingdom,Cafe,
536409,SET 12 LAVENDER  BOTANICAL T-LIGHTS,2535000,17908,United Kingdom,Cafe,
536409,UNION JACK FLAG LUGGAGE TAG,1409850,17908,United Kingdom,Cafe,
536409,RED HEART LUGGAGE TAG,18750,17908,United Kingdom,Cafe,
536409,RED GLASS TASSLE BAG CHARM,89250,17908,United Kingdom,Cafe,
536409,CLEAR ACRYLIC FACETED BANGLE,224250,17908,United Kingdom,Cafe,
536409,5 STRAND GLASS NECKLACE CRYSTAL,29250,17908,United Kingdom,Cafe,
536409,DOORMAT UNION JACK GUNS AND ROSES,539250,17908,United Kingdom,Cafe,
536409,VANILLA SCENT CANDLE JEWELLED BOX,15900,17908,United Kingdom,Hobi,
536409,FULL ENGLISH BREAKFAST PLATE,149250,17908,United Kingdom,Dapur,
536409,BLACK CANDELABRA T-LIGHT HOLDER,2250000,17908,United Kingdom,Elektronik,
536409,MAGIC DRAWING SLATE CIRCUS PARADE  ,1500000,17908,United Kingdom,Hobi,
536409,CHRISTMAS HANGING HEART WITH BELL,1499850,17908,United Kingdom,Elektronik,
536409,CAKE STAND VICTORIAN FILIGREE MED,899850,17908,United Kingdom,Elektronik,
536409,PAISLEY PATTERN  STICKERS,2535000,17908,United Kingdom,Hobi,
536409,FLOWERS  STICKERS,1409850,17908,United Kingdom,Hobi,
536409,PINK NEW BAROQUECANDLESTICK CANDLE,2.95,17908,United Kingdom,Elektronik,
536409,BLUE NEW BAROQUE CANDLESTICK CANDLE,149250,17908,United Kingdom,Elektronik,
536409,JUMBO STORAGE BAG SUKI,2250000,17908,United Kingdom,Baju,
536409,BLACK LOVE BIRD CANDLE,1500000,17908,United Kingdom,Elektronik,
536409,PARTY TIME PENCIL ERASERS,1499850,17908,United Kingdom,Hobi,
536409,DISCO BALL CHRISTMAS DECORATION,899850,17908,United Kingdom,Elektronik,
536409,PINK B'FLY C/COVER W BOBBLES,2535000,17908,United Kingdom,Hobi,
536409,PINK UNION JACK  LUGGAGE TAG,1409850,17908,United Kingdom,Hobi,
536409,6 RIBBONS ELEGANT CHRISTMAS ,18750,17908,United Kingdom,Hobi,
536409,AGED GLASS SILVER T-LIGHT HOLDER,89250,17908,United Kingdom,Cafe,
536409,BOOM BOX SPEAKER GIRLS,224250,17908,United Kingdom,Baju,
536409,6 RIBBONS SHIMMERING PINKS ,29250,17908,United Kingdom,Baju,
536409, SET 2 TEA TOWELS I LOVE LONDON ,539250,17908,United Kingdom,Cafe,
536409,JUMBO BAG OWLS,15900,17908,United Kingdom,Baju,
536409,SANDWICH BATH SPONGE,149250,17908,United Kingdom,Hobi,
536409,OWL DOORSTOP,2250000,17908,United Kingdom,Hobi,
536409,HAND WARMER UNION JACK,1499850,17908,United Kingdom,Travel,
536409,LARGE POPCORN HOLDER ,899850,17908,United Kingdom,Dapur,
536409,PAINTED METAL STAR WITH HOLLY BELLS,2535000,17908,United Kingdom,Hobi,
536409,PAINTED METAL HEART WITH HOLLY BELL,1409850,17908,United Kingdom,Hobi,
536409,ANGEL DECORATION STARS ON DRESS,149250,17908,United Kingdom,Hobi,
536409,SMALL POPCORN HOLDER,2250000,17908,United Kingdom,Hobi,
536409,JUMBO BAG RED RETROSPOT,1500000,17908,United Kingdom,Baju,
536409,JUMBO BAG STRAWBERRY,1499850,17908,United Kingdom,Baju,
536409,STRAWBERRY SHOPPER BAG,899850,17908,United Kingdom,Baju,
536409,STRAWBERRY CHARLOTTE BAG,2535000,17908,United Kingdom,Baju,
536409,PACK OF 12 RED RETROSPOT TISSUES ,1409850,17908,United Kingdom,Dapur,
536409,CHOCOLATE HOT WATER BOTTLE,18750,17908,United Kingdom,Dapur,
536412,LUNCH BAG CARS BLUE,89250,17920,United Kingdom,Dapur,
536412,LUNCH BAG SPACEBOY DESIGN ,224250,17920,United Kingdom,Dapur,
536412,ROUND SNACK BOXES SET OF4 WOODLAND ,29250,17920,United Kingdom,Dapur,
536412,LUNCH BAG DOLLY GIRL DESIGN,539250,17920,United Kingdom,Dapur,
536412,LUNCH BAG SUKI  DESIGN ,15900,17920,United Kingdom,Dapur,
536412,LUNCH BAG  BLACK SKULL.,149250,17920,United Kingdom,Dapur,
536412,ROUND SNACK BOXES SET OF 4 FRUITS ,2250000,17920,United Kingdom,Cafe,
536412,ROUND SNACK BOXES SET OF 4 SKULLS,1500000,17920,United Kingdom,Cafe,
536412,DOLLY GIRL LUNCH BOX,1499850,17920,United Kingdom,Dapur,
536412,SPACEBOY LUNCH BOX ,899850,17920,United Kingdom,Dapur,
536412,GREEN POLKADOT PLATE ,2535000,17920,United Kingdom,Dapur,
536412,BLUE POLKADOT PLATE ,1409850,17920,United Kingdom,Dapur,
536412,RED RETROSPOT PLATE ,149250,17920,United Kingdom,Dapur,
536412,PINK  POLKADOT PLATE ,2250000,17920,United Kingdom,Dapur,
536412,FELTCRAFT DOLL MOLLY,1500000,17920,United Kingdom,Hobi,
536412,FELTCRAFT CHRISTMAS FAIRY,1499850,17920,United Kingdom,Hobi,
536412,TRAVEL SEWING KIT,899850,17920,United Kingdom,Baju,
536412,SET OF 3 NOTEBOOKS IN PARCEL,2535000,17920,United Kingdom,Hobi,
536412,RED RETROSPOT TAPE,1409850,17920,United Kingdom,Hobi,
536412,COSY SLIPPER SHOES SMALL  RED ,18750,17920,United Kingdom,Hobi,
536412,6 RIBBONS RUSTIC CHARM,89250,17920,United Kingdom,Baju,
536412,SCANDINAVIAN REDS RIBBONS,224250,17920,United Kingdom,Baju,
536412,JAM MAKING SET PRINTED,29250,17920,United Kingdom,Baju,
536412,12 DAISY PEGS IN WOOD BOX,539250,17920,United Kingdom,Baju,
536412,HOT WATER BOTTLE BABUSHKA ,15900,17920,United Kingdom,Travel,
536412,FELTCRAFT PRINCESS CHARLOTTE DOLL,149250,17920,United Kingdom,Hobi,
536412,FELTCRAFT CHRISTMAS FAIRY,2250000,17920,United Kingdom,Hobi,
536412,FELTCRAFT PRINCESS CHARLOTTE DOLL,1500000,17920,United Kingdom,Hobi,
536412,6 RIBBONS RUSTIC CHARM,1499850,17920,United Kingdom,Baju,
536412,COSY SLIPPER SHOES SMALL  RED ,899850,17920,United Kingdom,Hobi,
536412,SCANDINAVIAN REDS RIBBONS,2535000,17920,United Kingdom,Hobi,
536412,5 HOOK HANGER RED MAGIC TOADSTOOL,1409850,17920,United Kingdom,Baju,
536412,CHRISTMAS CRAFT TREE TOP ANGEL,149250,17920,United Kingdom,Baju,
536412,CHRISTMAS CRAFT LITTLE FRIENDS,2250000,17920,United Kingdom,Hobi,
536412,5 HOOK HANGER RED MAGIC TOADSTOOL,1500000,17920,United Kingdom,Hobi,
536412,12 DAISY PEGS IN WOOD BOX,899850,17920,United Kingdom,Baju,
536412,5 HOOK HANGER MAGIC TOADSTOOL,1409850,17920,United Kingdom,Hobi,
536412,SCANDINAVIAN REDS RIBBONS,18750,17920,United Kingdom,Baju,
536412,RED TOADSTOOL LED NIGHT LIGHT,89250,17920,United Kingdom,Elektronik,
536412,5 HOOK HANGER RED MAGIC TOADSTOOL,224250,17920,United Kingdom,Baju,
536412,COSY SLIPPER SHOES SMALL GREEN,29250,17920,United Kingdom,Hobi,
536412,COSY SLIPPER SHOES SMALL  RED ,539250,17920,United Kingdom,Hobi,
536412,FELTCRAFT DOLL ROSIE,15900,17920,United Kingdom,Hobi,
536412,FELTCRAFT DOLL EMILY,149250,17920,United Kingdom,Hobi,
536412,FELTCRAFT PRINCESS OLIVIA DOLL,2250000,17920,United Kingdom,Hobi,
536412,REX CASH+CARRY JUMBO SHOPPER,1500000,17920,United Kingdom,Baju,
536412,FELTCRAFT DOLL MOLLY,1499850,17920,United Kingdom,Hobi,
536412,FELTCRAFT CUSHION OWL,899850,17920,United Kingdom,Hobi,
536412,CHRISTMAS CRAFT LITTLE FRIENDS,2535000,17920,United Kingdom,Hobi,
536412,FELTCRAFT CUSHION RABBIT,1409850,17920,United Kingdom,Hobi,
536412,FELTCRAFT CUSHION BUTTERFLY,149250,17920,United Kingdom,Hobi,
536412,PAPER CHAIN KIT 50'S CHRISTMAS ,2250000,17920,United Kingdom,Hobi,
536412,ROSE COTTAGE KEEPSAKE BOX ,1500000,17920,United Kingdom,Hobi,
536412,TOTE BAG I LOVE LONDON,1499850,17920,United Kingdom,Hobi,
536412,FOLDING UMBRELLA PINKWHITE POLKADOT,899850,17920,United Kingdom,Hobi,
536412,FOLDING UMBRELLA CREAM POLKADOT,2535000,17920,United Kingdom,Hobi,
536412,FOLDING UMBRELLA WHITE/RED POLKADOT,1409850,17920,United Kingdom,Hobi,
536412,SET 10 LIGHTS NIGHT OWL,18750,17920,United Kingdom,Elektronik,
536412,SMALL POPCORN HOLDER,89250,17920,United Kingdom,Dapur,
536412, SET 2 TEA TOWELS I LOVE LONDON ,224250,17920,United Kingdom,Dapur,
536412,FOLDING UMBRELLA RED/WHITE POLKADOT,29250,17920,United Kingdom,Hobi,
536412,BABUSHKA LIGHTS STRING OF 10,539250,17920,United Kingdom,Elektronik,
536412,LUNCH BAG RED RETROSPOT,15900,17920,United Kingdom,Dapur,
536412,S/4 VALENTINE DECOUPAGE HEART BOX,149250,17920,United Kingdom,Dapur,
536412,SOLDIERS EGG CUP ,2250000,17920,United Kingdom,Dapur,
536412,RED RETROSPOT MINI CASES,1500000,17920,United Kingdom,Cafe,
536415,60 CAKE CASES VINTAGE CHRISTMAS,1499850,12838,United Kingdom,Cafe,
536415,PAPER CHAIN KIT VINTAGE CHRISTMAS,899850,12838,United Kingdom,Cafe,
536415,RIBBON REEL CHRISTMAS SOCK BAUBLE,2535000,12838,United Kingdom,Baju,
536415,RIBBON REEL SNOWY VILLAGE,1409850,12838,United Kingdom,Baju,
536415,RIBBON REEL MAKING SNOWMEN ,52020,12838,United Kingdom,Baju,
536415,SET OF 20 VINTAGE CHRISTMAS NAPKINS,114480,12838,United Kingdom,Cafe,
536415,TURQUOISE CHRISTMAS TREE ,30240,12838,United Kingdom,Hobi,
536415,RED STAR CARD HOLDER,113220,12838,United Kingdom,Hobi,
536415,WICKER WREATH SMALL,71820,12838,United Kingdom,Hobi,
536415,HEART OF WICKER LARGE,62820,12838,United Kingdom,Hobi,
536415,ADVENT CALENDAR GINGHAM SACK,77220,12838,United Kingdom,Hobi,
536415,HEART OF WICKER SMALL,434850,12838,United Kingdom,Hobi,
536415,FELTCRAFT BUTTERFLY HEARTS,280200,12838,United Kingdom,Hobi,
536415,PARTY CONE CHRISTMAS DECORATION ,52020,12838,United Kingdom,Hobi,
536415,VINTAGE HEADS AND TAILS CARD GAME ,114480,12838,United Kingdom,Hobi,
536415,WICKER STAR ,30240,12838,United Kingdom,Hobi,
536415,VINTAGE SNAP CARDS,113220,12838,United Kingdom,Hobi,
536415,FELTCRAFT 6 FLOWER FRIENDS,71820,12838,United Kingdom,Hobi,
536415, SET 2 TEA TOWELS I LOVE LONDON ,62820,12838,United Kingdom,Dapur,
536415,JAM MAKING SET PRINTED,77220,12838,United Kingdom,Hobi,
536415,BIRD DECORATION RED RETROSPOT,434850,12838,United Kingdom,Cafe,
536415,CHRISTMAS GINGHAM TREE,280200,12838,United Kingdom,Hobi,
536415,CHRISTMAS GINGHAM STAR,52020,12838,United Kingdom,Hobi,
536415,CHRISTMAS GINGHAM HEART,114480,12838,United Kingdom,Hobi,
536415,PACK OF 12 PINK POLKADOT TISSUES,30240,12838,United Kingdom,Hobi,
536415,FELTCRAFT PRINCESS LOLA DOLL,113220,12838,United Kingdom,Hobi,
536415,PACK OF 12 LONDON TISSUES ,71820,12838,United Kingdom,Hobi,
536415,PURPLE DRAWERKNOB ACRYLIC EDWARDIAN,62820,12838,United Kingdom,Hobi,
536415,CHILDREN'S APRON DOLLY GIRL ,77220,12838,United Kingdom,Hobi,
536415,CHILDRENS APRON SPACEBOY DESIGN,434850,12838,United Kingdom,Hobi,
536415,CHRISTMAS LIGHTS 10 SANTAS ,280200,12838,United Kingdom,Hobi,
536415,CHRISTMAS LIGHTS 10 REINDEER,52020,12838,United Kingdom,Hobi,
536415,PAPER CHAIN KIT 50'S CHRISTMAS ,114480,12838,United Kingdom,Hobi,
536415,FELTCRAFT CHRISTMAS FAIRY,30240,12838,United Kingdom,Hobi,
536415,PACK OF 72 RETROSPOT CAKE CASES,113220,12838,United Kingdom,Dapur,
536415,PACK OF 60 MUSHROOM CAKE CASES,71820,12838,United Kingdom,Dapur,
536415,60 CAKE CASES DOLLY GIRL DESIGN,62820,12838,United Kingdom,Dapur,
536415,PACK OF 60 PINK PAISLEY CAKE CASES,77220,12838,United Kingdom,Dapur,
536415,HAND WARMER BABUSHKA DESIGN,434850,12838,United Kingdom,Travel,
536415,HAND WARMER BIRD DESIGN,280200,12838,United Kingdom,Travel,
536415,HAND WARMER OWL DESIGN,52020,12838,United Kingdom,Travel,
536415,HAND WARMER RED RETROSPOT,114480,12838,United Kingdom,Travel,
536415,SET 12 RETRO WHITE CHALK STICKS,30240,12838,United Kingdom,Cafe,
536415,FELTCRAFT HAIRBAND RED AND BLUE,113220,12838,United Kingdom,Hobi,
536415,FELTCRAFT HAIRBAND PINK AND PURPLE,71820,12838,United Kingdom,Hobi,
536415,FELTCRAFT HAIRBANDS PINK AND WHITE ,62820,12838,United Kingdom,Hobi,
536415,TV DINNER TRAY DOLLY GIRL,77220,12838,United Kingdom,Elektronik,
536415,PLASTERS IN TIN VINTAGE PAISLEY ,434850,12838,United Kingdom,Hobi,
536415,PLASTERS IN TIN SPACEBOY,280200,12838,United Kingdom,Hobi,
536415,PLASTERS IN TIN WOODLAND ANIMALS,52020,12838,United Kingdom,Baju,
536415,MAGIC DRAWING SLATE SPACEBOY ,114480,12838,United Kingdom,Baju,
536415,MAGIC DRAWING SLATE CIRCUS PARADE  ,30240,12838,United Kingdom,Baju,
536415,MAGIC DRAWING SLATE GO TO THE FAIR ,113220,12838,United Kingdom,Baju,
536415,MAGIC DRAWING SLATE DOLLY GIRL ,71820,12838,United Kingdom,Baju,
536415,CHARLIE + LOLA RED HOT WATER BOTTLE,62820,12838,United Kingdom,Dapur,
536415,HOT WATER BOTTLE BABUSHKA ,77220,12838,United Kingdom,Travel,
536415,URBAN BLACK RIBBONS ,434850,12838,United Kingdom,Baju,
536415,FELTCRAFT PRINCESS CHARLOTTE DOLL,280200,12838,United Kingdom,Hobi,
536415,SET OF 6 T-LIGHTS TOADSTOOLS,52020,12838,United Kingdom,Hobi,
536416,ROTATING LEAVES T-LIGHT HOLDER,114480,13255,United Kingdom,Hobi,
536416,RED  HARMONICA IN BOX ,30240,13255,United Kingdom,Hobi,
536416,CUPCAKE LACE PAPER SET 6,113220,13255,United Kingdom,Cafe,
536416,FAMILY PHOTO FRAME CORNICE,71820,13255,United Kingdom,Hobi,
536416,TRIPLE PHOTO FRAME CORNICE ,62820,13255,United Kingdom,Hobi,
536416,WOODEN FRAME ANTIQUE WHITE ,77220,13255,United Kingdom,Baju,
536420,WOODEN BOX OF DOMINOES,434850,16583,United Kingdom,Baju,
536420,TRADITIONAL WOODEN CATCH CUP GAME ,280200,16583,United Kingdom,Baju,
536420,TRADITIONAL WOODEN SKIPPING ROPE,30240,16583,United Kingdom,Baju,
536420,S/6 WOODEN SKITTLES IN COTTON BAG,113220,16583,United Kingdom,Baju,
536420,RED METAL BEACH SPADE ,71820,16583,United Kingdom,Baju,
536420,BOYS VINTAGE TIN SEASIDE BUCKET,62820,16583,United Kingdom,Hobi,
536420,GIRLS VINTAGE TIN SEASIDE BUCKET,77220,16583,United Kingdom,Hobi,
536420,GREY HEART HOT WATER BOTTLE,434850,16583,United Kingdom,Dapur,
536420,SCOTTIE DOG HOT WATER BOTTLE,280200,16583,United Kingdom,Dapur,
536420,BIRD HOUSE HOT WATER BOTTLE,52020,16583,United Kingdom,Dapur,
536420,KINGS CHOICE TEA CADDY ,114480,16583,United Kingdom,Dapur,
536420,KINGS CHOICE BISCUIT TIN,30240,16583,United Kingdom,Dapur,
536420,METAL SIGN EMPIRE TEA,113220,16583,United Kingdom,Cafe,
536420,HOMEMADE JAM SCENTED CANDLES,71820,16583,United Kingdom,Cafe,
536423,SET OF 6 SOLDIER SKITTLES,62820,18085,United Kingdom,Cafe,
536423,FAWN BLUE HOT WATER BOTTLE,77220,18085,United Kingdom,Dapur,
536423,HAND WARMER RED RETROSPOT,434850,18085,United Kingdom,Dapur,
536423,HOT WATER BOTTLE BABUSHKA ,280200,18085,United Kingdom,Dapur,
536423,WHITE SKULL HOT WATER BOTTLE ,30240,18085,United Kingdom,Dapur,
536423,RETROSPOT HEART HOT WATER BOTTLE,113220,18085,United Kingdom,Dapur,
536423,RED WOOLLY HOTTIE WHITE HEART.,71820,18085,United Kingdom,Dapur,
536423,SCOTTIE DOG HOT WATER BOTTLE,62820,18085,United Kingdom,Dapur,
536423,GREY HEART HOT WATER BOTTLE,77220,18085,United Kingdom,Dapur,
536425,HOT WATER BOTTLE BABUSHKA ,434850,13758,United Kingdom,Travel,
536425,PACK OF 6 BIRDY GIFT TAGS,280200,13758,United Kingdom,Cafe,
536425,CHILLI LIGHTS,52020,13758,United Kingdom,Elektronik,
536425,PIGGY BANK RETROSPOT ,114480,13758,United Kingdom,Elektronik,
536425,CERAMIC STRAWBERRY MONEY BOX,30240,13758,United Kingdom,Hobi,
536425,CERAMIC STRAWBERRY CAKE MONEY BANK,113220,13758,United Kingdom,Hobi,
536425,CERAMIC CHERRY CAKE MONEY BANK,71820,13758,United Kingdom,Hobi,
536425,CERAMIC HEART FAIRY CAKE MONEY BANK,62820,13758,United Kingdom,Hobi,
536425,CERAMIC PIRATE CHEST MONEY BANK,77220,13758,United Kingdom,Hobi,
536425,DOORSTOP RETROSPOT HEART,434850,13758,United Kingdom,Hobi,
536425,GINGHAM HEART  DOORSTOP RED,280200,13758,United Kingdom,Hobi,
536425,RETROSPOT BABUSHKA DOORSTOP,30240,13758,United Kingdom,Hobi,
536425,SILK PURSE BABUSHKA RED,30240,13758,United Kingdom,Travel,
536425,SILK PURSE BABUSHKA PINK,113220,13758,United Kingdom,Travel,
536425,FAMILY PHOTO FRAME CORNICE,71820,13758,United Kingdom,Hobi,
536425,SWEETHEART WIRE WALL TIDY,62820,13758,United Kingdom,Hobi,
536425,JAM MAKING SET PRINTED,77220,13758,United Kingdom,Hobi,
536437,RED RETROSPOT OVEN GLOVE ,434850,13694,United Kingdom,Elektronik,
536437,CREAM HEART CARD HOLDER,280200,13694,United Kingdom,Hobi,
536437,NAMASTE SWAGAT INCENSE,52020,13694,United Kingdom,Travel,
536437,CERAMIC STRAWBERRY DESIGN MUG,114480,13694,United Kingdom,Dapur,
536437,BLACK HEART CARD HOLDER,30240,13694,United Kingdom,Hobi,
536437,CLASSICAL ROSE SMALL VASE,113220,13694,United Kingdom,Hobi,
536446,HYACINTH BULB T-LIGHT CANDLES,71820,15983,United Kingdom,Elektronik,
536446,CHRISTMAS CRAFT WHITE FAIRY ,62820,15983,United Kingdom,Hobi,
536446,CHRISTMAS CRAFT LITTLE FRIENDS,77220,15983,United Kingdom,Hobi,
536446,COSY HOUR CIGAR BOX MATCHES ,434850,15983,United Kingdom,Hobi,
536446,RED TEA TOWEL CLASSIC DESIGN,280200,15983,United Kingdom,Cafe,
536446,HEART FILIGREE DOVE  SMALL,30240,15983,United Kingdom,Hobi,
536446,RETROSPOT CHILDRENS APRON,30240,15983,United Kingdom,Dapur,
536446,COLOURING PENCILS BROWN TUBE,113220,15983,United Kingdom,Hobi,
536446,4 IVORY DINNER CANDLES SILVER FLOCK,71820,15983,United Kingdom,Elektronik,
536446,HEART FILIGREE DOVE  SMALL,62820,15983,United Kingdom,Hobi,
536446,ZINC METAL HEART DECORATION,77220,15983,United Kingdom,Hobi,
536446,GREEN FERN NOTEBOOK,434850,15983,United Kingdom,Hobi,
536446,BLUE PAISLEY NOTEBOOK,280200,15983,United Kingdom,Hobi,
536446,CHRYSANTHEMUM NOTEBOOK,52020,15983,United Kingdom,Hobi,
536446,LARGE CHINESE STYLE SCISSOR,114480,15983,United Kingdom,Dapur,
536446,SMALL CHINESE STYLE SCISSOR,30240,15983,United Kingdom,Dapur,
536446,S/6 WOODEN SKITTLES IN COTTON BAG,113220,15983,United Kingdom,Baju,
536446,TRADITIONAL WOODEN SKIPPING ROPE,71820,15983,United Kingdom,Baju,
536446,SET OF 6 SOLDIER SKITTLES,62820,15983,United Kingdom,Dapur,
536446,4 TRADITIONAL SPINNING TOPS,77220,15983,United Kingdom,Hobi,
536446,ROTATING SILVER ANGELS T-LIGHT HLDR,434850,15983,United Kingdom,Elektronik,
536446,BLACK LOVE BIRD CANDLE,280200,15983,United Kingdom,Elektronik,
536446,HANGING GLASS ETCHED TEALIGHT,30240,15983,United Kingdom,Elektronik,
536446,BLUE NEW BAROQUE CANDLESTICK CANDLE,113220,15983,United Kingdom,Elektronik,
536446,COOKING SET RETROSPOT,71820,15983,United Kingdom,Dapur,
536446,KINGS CHOICE GIANT TUBE MATCHES,62820,15983,United Kingdom,Dapur,
536446,COSY HOUR GIANT TUBE MATCHES,77220,15983,United Kingdom,Dapur,
536446,PLACE SETTING WHITE STAR,434850,15983,United Kingdom,Elektronik,
536446,HYACINTH BULB T-LIGHT CANDLES,280200,15983,United Kingdom,Elektronik,
536446,S/15 SILVER GLASS BAUBLES IN BAG,52020,15983,United Kingdom,Baju,
536460,FRENCH WC SIGN BLUE METAL,114480,14849,United Kingdom,Cafe,
536460,KINGS CHOICE GIANT TUBE MATCHES,30240,14849,United Kingdom,Cafe,
536460,72 SWEETHEART FAIRY CAKE CASES,113220,14849,United Kingdom,Cafe,
536460,ASSORTED COLOUR BIRD ORNAMENT,71820,14849,United Kingdom,Cafe,
536460,FAIRY SOAP SOAP HOLDER,62820,14849,United Kingdom,Cafe,
536460,GREEN GIANT GARDEN THERMOMETER,77220,14849,United Kingdom,Dapur,
536460,IVORY GIANT GARDEN THERMOMETER,434850,14849,United Kingdom,Dapur,
536460,BLUE GIANT GARDEN THERMOMETER,280200,14849,United Kingdom,Dapur,
536460,PACK OF 60 PINK PAISLEY CAKE CASES,30240,14849,United Kingdom,Dapur,
536460,RETROSPOT HEART HOT WATER BOTTLE,30240,14849,United Kingdom,Dapur,
536460,CHICK GREY HOT WATER BOTTLE,113220,14849,United Kingdom,Dapur,
536460,VICTORIAN SEWING BOX SMALL ,71820,14849,United Kingdom,Dapur,
536460,VICTORIAN SEWING BOX MEDIUM,62820,14849,United Kingdom,Dapur,
536460,SET/10 RED POLKADOT PARTY CANDLES,77220,14849,United Kingdom,Dapur,
536463,WASHROOM METAL SIGN,434850,14849,United Kingdom,Cafe,
536464,BLACK SWEETHEART BRACELET,280200,17968,United Kingdom,Hobi,
536464,DIAMANTE HAIR GRIP PACK/2 BLACK DIA,52020,17968,United Kingdom,Hobi,
536464,BLACK DIAMANTE EXPANDABLE RING,114480,17968,United Kingdom,Hobi,
536464,DIAMANTE HAIR GRIP PACK/2 RUBY,30240,17968,United Kingdom,Hobi,
536464,DIAMANTE HAIR GRIP PACK/2 MONTANA,113220,17968,United Kingdom,Hobi,
536464,BLUE SWEETHEART BRACELET,71820,17968,United Kingdom,Hobi,
536464,PINK SWEETHEART BRACELET,62820,17968,United Kingdom,Hobi,
536464,PURPLE SWEETHEART BRACELET,77220,17968,United Kingdom,Hobi,
536464,JUMBO BAG PINK POLKADOT,434850,17968,United Kingdom,Hobi,
536464,JUMBO BAG RED RETROSPOT,280200,17968,United Kingdom,Baju,
536464,ASSORTED COLOUR BIRD ORNAMENT,30240,17968,United Kingdom,Cafe,
536464,PAPER CHAIN KIT 50'S CHRISTMAS ,30240,17968,United Kingdom,Hobi,
536464,RIBBON REEL CHRISTMAS PRESENT ,113220,17968,United Kingdom,Baju,
536464,FIRST AID TIN,71820,17968,United Kingdom,Hobi,
536464,MAKE YOUR OWN MONSOON CARD KIT,62820,17968,United Kingdom,Hobi,
536464,PACK OF 12 HEARTS DESIGN TISSUES ,77220,17968,United Kingdom,Dapur,
536464,PACK OF 12 RED RETROSPOT TISSUES ,434850,17968,United Kingdom,Cafe,
536464,SOLDIERS EGG CUP ,280200,17968,United Kingdom,Dapur,
536464,HEART IVORY TRELLIS SMALL,52020,17968,United Kingdom,Cafe,
536464,HEART FILIGREE DOVE  SMALL,114480,17968,United Kingdom,Cafe,
536464,HEART FILIGREE DOVE LARGE,30240,17968,United Kingdom,Cafe,
536464,PACK 3 BOXES BIRD PANNETONE ,113220,17968,United Kingdom,Cafe,
536464,PACK 3 BOXES CHRISTMAS PANNETONE,71820,17968,United Kingdom,Cafe,
536464,SMALL POPCORN HOLDER,62820,17968,United Kingdom,Cafe,
536464,PACK OF 60 PINK PAISLEY CAKE CASES,77220,17968,United Kingdom,Cafe,
536464,SET OF 6 SOLDIER SKITTLES,434850,17968,United Kingdom,Cafe,
536464,SWIRLY CIRCULAR RUBBERS IN BAG,280200,17968,United Kingdom,Baju,
536464,VINTAGE PAISLEY STATIONERY SET,30240,17968,United Kingdom,Hobi,
536464,PAPER CHAIN KIT VINTAGE CHRISTMAS,30240,17968,United Kingdom,Hobi,
536464,SET/10 BLUE POLKADOT PARTY CANDLES,113220,17968,United Kingdom,Elektronik,
536464,RIBBON REEL SOCKS AND MITTENS,71820,17968,United Kingdom,Baju,
536464,60 CAKE CASES VINTAGE CHRISTMAS,62820,17968,United Kingdom,Cafe,
536464,CHRISTMAS METAL TAGS ASSORTED ,77220,17968,United Kingdom,Cafe,
536464,CHRISTMAS TREE T-LIGHT HOLDER,434850,17968,United Kingdom,Cafe,
536464,STAR  T-LIGHT HOLDER ,280200,17968,United Kingdom,Elektronik,
536464,HEART T-LIGHT HOLDER ,52020,17968,United Kingdom,Elektronik,
536464,MINI FUNKY DESIGN TAPES,114480,17968,United Kingdom,Hobi,
536464,SET OF 6 T-LIGHTS SNOWMEN,30240,17968,United Kingdom,Elektronik,
536464,STAR WOODEN CHRISTMAS DECORATION,113220,17968,United Kingdom,Baju,
536464,WOODEN HEART CHRISTMAS SCANDINAVIAN,71820,17968,United Kingdom,Baju,
536464,CHRISTMAS RETROSPOT TREE WOOD,62820,17968,United Kingdom,Baju,
536464,SET OF 6 T-LIGHTS SANTA,77220,17968,United Kingdom,Elektronik,
536464,SET/9 CHRISTMAS T-LIGHTS SCENTED ,434850,17968,United Kingdom,Elektronik,
536464,BLUE ROSE FABRIC MIRROR,280200,17968,United Kingdom,Baju,
536464,THREE CANVAS LUGGAGE TAGS,30240,17968,United Kingdom,Baju,
536464,RETROSPOT PARTY BAG + STICKER SET,30240,17968,United Kingdom,Baju,
536464,PLASTERS IN TIN VINTAGE PAISLEY ,113220,17968,United Kingdom,Hobi,
536464,RETROSPOT SMALL TUBE MATCHES,71820,17968,United Kingdom,Hobi,
536464,HAND WARMER SCOTTY DOG DESIGN,62820,17968,United Kingdom,Hobi,
536464,3D CHRISTMAS STAMPS STICKERS ,77220,17968,United Kingdom,Hobi,
536464,HAND WARMER SCOTTY DOG DESIGN,434850,17968,United Kingdom,Travel,
536464,CLOTHES PEGS RETROSPOT PACK 24 ,280200,17968,United Kingdom,Baju,
536464,36 FOIL HEART CAKE CASES,52020,17968,United Kingdom,Cafe,
536464,PACK OF 6 SWEETIE GIFT BOXES,114480,17968,United Kingdom,Hobi,
536464,PACK OF 72 RETROSPOT CAKE CASES,30240,17968,United Kingdom,Cafe,
536464,PACK OF 72 RETROSPOT CAKE CASES,113220,17968,United Kingdom,Cafe,
536464,PACK OF 6 BIRDY GIFT TAGS,71820,17968,United Kingdom,Cafe,
536464,SET/10 RED POLKADOT PARTY CANDLES,62820,17968,United Kingdom,Elektronik,
536464,SET/10 PINK POLKADOT PARTY CANDLES,77220,17968,United Kingdom,Elektronik,
536464,SET OF 3 NOTEBOOKS IN PARCEL,434850,17968,United Kingdom,Hobi,
536464,CINAMMON SET OF 9 T-LIGHTS,30240,17968,United Kingdom,Elektronik,
536464,ORANGE SCENTED SET/9 T-LIGHTS,30240,17968,United Kingdom,Elektronik,
536464,RIBBON REEL STRIPES DESIGN ,113220,17968,United Kingdom,Baju,
536464,SET OF 2 TINS JARDIN DE PROVENCE,71820,17968,United Kingdom,Hobi,
536464,MAKE YOUR OWN PLAYTIME CARD KIT,62820,17968,United Kingdom,Hobi,
536464,DINOSAURS  WRITING SET ,77220,17968,United Kingdom,Hobi,
536464,BALLOONS  WRITING SET ,434850,17968,United Kingdom,Hobi,
536464,SKULLS WRITING SET ,280200,17968,United Kingdom,Hobi,
536464,COSY SLIPPER SHOES SMALL  RED ,52020,17968,United Kingdom,Hobi,
536464,DOORMAT BLACK FLOCK ,114480,17968,United Kingdom,Dapur,
536464,JUMBO  BAG BAROQUE BLACK WHITE,30240,17968,United Kingdom,Baju,
536464,JAM MAKING SET WITH JARS,113220,17968,United Kingdom,Dapur,
536464,ORANGE SCENTED SET/9 T-LIGHTS,71820,17968,United Kingdom,Elektronik,
536464,CINAMMON SET OF 9 T-LIGHTS,62820,17968,United Kingdom,Elektronik,
536464,CHRISTMAS DECOUPAGE CANDLE,77220,17968,United Kingdom,Hobi,
536464,HEART T-LIGHT HOLDER ,434850,17968,United Kingdom,Hobi,
536464,GROW YOUR OWN BASIL IN ENAMEL MUG,280200,17968,United Kingdom,Dapur,
536464,OFFICE MUG WARMER POLKADOT,30240,17968,United Kingdom,Dapur,
536464,SMALL POPCORN HOLDER,30240,17968,United Kingdom,Dapur,
536464,JUMBO BAG DOLLY GIRL DESIGN,113220,17968,United Kingdom,Baju,
536466,JAM MAKING SET WITH JARS,71820,14849,United Kingdom,Dapur,
536466,JAM MAKING SET PRINTED,62820,14849,United Kingdom,Dapur,
536477,SMALL GLASS HEART TRINKET POT,77220,16210,United Kingdom,Dapur,
536477,RED WOOLLY HOTTIE WHITE HEART.,434850,16210,United Kingdom,Dapur,
536477,BLACK RECORD COVER FRAME,280200,16210,United Kingdom,Hobi,
536477,"RECORD FRAME 7"" SINGLE SIZE ",52020,16210,United Kingdom,Elektronik,
536477,36 PENCILS TUBE RED RETROSPOT,114480,16210,United Kingdom,Hobi,
536477,36 PENCILS TUBE WOODLAND,30240,16210,United Kingdom,Hobi,
536477,SET OF 6 SOLDIER SKITTLES,113220,16210,United Kingdom,Dapur,
536477,ROCKING HORSE RED CHRISTMAS ,71820,16210,United Kingdom,Hobi,
536477,CHRISTMAS GINGHAM HEART,62820,16210,United Kingdom,Hobi,
536477,CHRISTMAS GINGHAM STAR,77220,16210,United Kingdom,Hobi,
536477,HAND WARMER UNION JACK,434850,16210,United Kingdom,Travel,
536477,HAND WARMER RED RETROSPOT,280200,16210,United Kingdom,Travel,
536477,REGENCY CAKESTAND 3 TIER,30240,16210,United Kingdom,Cafe,
536477,JUMBO SHOPPER VINTAGE RED PAISLEY,30240,16210,United Kingdom,Baju,
536488,RIBBON REEL SNOWY VILLAGE,113220,17897,United Kingdom,Baju,
536488,VINTAGE UNION JACK BUNTING,71820,17897,United Kingdom,Baju,
536488,JAM MAKING SET WITH JARS,62820,17897,United Kingdom,Cafe,
536488,RIBBON REEL STRIPES DESIGN ,77220,17897,United Kingdom,Baju,
536488,RETRO LONGBOARD IRONING BOARD COVER,434850,17897,United Kingdom,Hobi,
536488,3D DOG PICTURE PLAYING CARDS,280200,17897,United Kingdom,Hobi,
536488,RETROSPOT CIGAR BOX MATCHES ,52020,17897,United Kingdom,Hobi,
536488,SET/9 CHRISTMAS T-LIGHTS SCENTED ,114480,17897,United Kingdom,Elektronik,
536488,ROTATING SILVER ANGELS T-LIGHT HLDR,30240,17897,United Kingdom,Elektronik,
536488,SAVE THE PLANET COTTON TOTE BAG,113220,17897,United Kingdom,Hobi,
536488,SET OF 20 VINTAGE CHRISTMAS NAPKINS,71820,17897,United Kingdom,Cafe,
536488,PAPER BUNTING WHITE LACE,62820,17897,United Kingdom,Cafe,
536488,GENTLEMAN SHIRT REPAIR KIT ,77220,17897,United Kingdom,Baju,
536488,CARD I LOVE LONDON ,434850,17897,United Kingdom,Hobi,
536488,PAPER CHAIN KIT VINTAGE CHRISTMAS,280200,17897,United Kingdom,Hobi,
536488,MIRRORED WALL ART FOXY,30240,17897,United Kingdom,Hobi,
536488,MIRRORED WALL ART GENTS,12750,17897,United Kingdom,Hobi,
536488,AIRLINE BAG VINTAGE JET SET WHITE,240000,17897,United Kingdom,Hobi,
536488,JAM MAKING SET PRINTED,44250,17897,United Kingdom,Hobi,
536488,POTTING SHED SOW 'N' GROW SET,149250,17897,United Kingdom,Hobi,
536488,BABUSHKA LIGHTS STRING OF 10,285000,17897,United Kingdom,Elektronik,
536488,REX CASH+CARRY JUMBO SHOPPER,189000,17897,United Kingdom,Baju,
536488,AIRLINE BAG VINTAGE WORLD CHAMPION ,225000,17897,United Kingdom,Baju,
536488,HAND WARMER BIRD DESIGN,550000,17897,United Kingdom,Hobi,
536488,CHRISTMAS CRAFT LITTLE FRIENDS,89250,17897,United Kingdom,Hobi,
536488,PINK HEARTS PAPER GARLAND,149250,17897,United Kingdom,Dapur,
536488,POTTING SHED SEED ENVELOPES,18750,17897,United Kingdom,Travel,
536488,HI TEC ALPINE HAND WARMER,89250,17897,United Kingdom,Travel,
536488,FELTCRAFT CHRISTMAS FAIRY,224250,17897,United Kingdom,Travel,
536488,HI TEC ALPINE HAND WARMER,29250,17897,United Kingdom,Travel,
536488,ROTATING SILVER ANGELS T-LIGHT HLDR,539250,17897,United Kingdom,Hobi,
536488,3 STRIPEY MICE FELTCRAFT,15900,17897,United Kingdom,Hobi,
536488,FELTCRAFT 6 FLOWER FRIENDS,149250,17897,United Kingdom,Hobi,
536488,CHRISTMAS CRAFT LITTLE FRIENDS,2250000,17897,United Kingdom,Hobi,
536500,VINTAGE UNION JACK CUSHION COVER,1500000,17377,United Kingdom,Hobi,
536500,POLYESTER FILLER PAD 45x45cm,1499850,17377,United Kingdom,Hobi,
536500,DOLLY GIRL LUNCH BOX,899850,17377,United Kingdom,Dapur,
536500,PACK OF 12 LONDON TISSUES ,2535000,17377,United Kingdom,Dapur,
536500,CARD DOLLY GIRL ,1409850,17377,United Kingdom,Hobi,
536500,CARD BILLBOARD FONT,12750,17377,United Kingdom,Hobi,
536500,RAINY LADIES BIRTHDAY CARD,240000,17377,United Kingdom,Hobi,
536500,GREY HEART HOT WATER BOTTLE,44250,17377,United Kingdom,Dapur,
536500,RED WOOLLY HOTTIE WHITE HEART.,149250,17377,United Kingdom,Dapur,
536500,RED WHITE SCARF  HOT WATER BOTTLE,285000,17377,United Kingdom,Dapur,
536500, SET 2 TEA TOWELS I LOVE LONDON ,189000,17377,United Kingdom,Dapur,
536500,SET OF 2 TEA TOWELS APPLE AND PEARS,225000,17377,United Kingdom,Dapur,
536500,SET/2 RED RETROSPOT TEA TOWELS ,550000,17377,United Kingdom,Dapur,
536500,LOVE BUILDING BLOCK WORD,89250,17377,United Kingdom,Hobi,
536500,HOME BUILDING BLOCK WORD,149250,17377,United Kingdom,Hobi,
536502,ASSORTED COLOUR BIRD ORNAMENT,18750,16552,United Kingdom,Hobi,
536502,LANTERN CREAM GAZEBO ,89250,16552,United Kingdom,Elektronik,
536502,BLUE BIRDHOUSE DECORATION,224250,16552,United Kingdom,Hobi,
536502,WHITE HANGING HEART T-LIGHT HOLDER,29250,16552,United Kingdom,Elektronik,
536502,REGENCY CAKESTAND 3 TIER,539250,16552,United Kingdom,Cafe,
536508,ANTIQUE SILVER TEA GLASS ENGRAVED,15900,17181,United Kingdom,Dapur,
536508,AGED GLASS SILVER T-LIGHT HOLDER,149250,17181,United Kingdom,Elektronik,
C536506,JAM MAKING SET WITH JARS,2250000,17897,United Kingdom,Cafe,
536514,HAND WARMER OWL DESIGN,1500000,17951,United Kingdom,Travel,
536514,SET OF 2 WOODEN MARKET CRATES,1499850,17951,United Kingdom,Baju,
536514,SET OF 6 T-LIGHTS TOADSTOOLS,899850,17951,United Kingdom,Elektronik,
536514,HAND WARMER UNION JACK,2535000,17951,United Kingdom,Baju,
536514,HAND WARMER SCOTTY DOG DESIGN,1409850,17951,United Kingdom,Baju,
536520,CLASSIC FRENCH STYLE BASKET NATURAL,12750,14729,United Kingdom,Hobi,
536520,CRAZY DAISY HEART DECORATION,240000,14729,United Kingdom,Hobi,
536520,GIN + TONIC DIET METAL SIGN,44250,14729,United Kingdom,Cafe,
536520,IVORY GIANT GARDEN THERMOMETER,149250,14729,United Kingdom,Hobi,
536520,CARD HOLDER GINGHAM HEART,285000,14729,United Kingdom,Hobi,
536520,SMALL STRIPES CHOCOLATE GIFT BAG ,189000,14729,United Kingdom,Baju,
536520,S/6 WOODEN SKITTLES IN COTTON BAG,225000,14729,United Kingdom,Baju,
536520,HAND WARMER RED RETROSPOT,550000,14729,United Kingdom,Travel,
536520,HAND WARMER UNION JACK,89250,14729,United Kingdom,Travel,
536520,FRENCH WC SIGN BLUE METAL,149250,14729,United Kingdom,Cafe,
536520,PINK UNION JACK  LUGGAGE TAG,18750,14729,United Kingdom,Cafe,
23183,MOTHER'S KITCHEN SPOON REST,89250,15856,United Kingdom,Dapur,
82578,KITCHEN METAL SIGN,224250,17841,United Kingdom,Dapur,
47567,TEA TIME KITCHEN APRON,29250,12794,Portugal,Dapur,
22624,IVORY KITCHEN SCALES,539250,13772,United Kingdom,Dapur,
22625,RED KITCHEN SCALES,15900,17050,United Kingdom,Dapur,
22627,MINT KITCHEN SCALES,149250,15365,United Kingdom,Dapur,
22675,FRENCH KITCHEN SIGN BLUE METAL,2250000,16255,United Kingdom,Dapur,
21279,VINTAGE KITCHEN PRINT FRUITS,1500000,15974,United Kingdom,Dapur,
23142,IVORY WIRE KITCHEN ORGANISER,1499850,16418,United Kingdom,Dapur,
22626,BLACK KITCHEN SCALES,2535000,14646,Netherlands,Dapur,
23180,MUM'S KITCHEN CLOCK,1409850,13614,United Kingdom,Dapur,
22655,VINTAGE RED KITCHEN CABINET,1875000,17603,United Kingdom,Dapur,
84637,KITCHEN FLOWER POTS WALL PLAQUE,89250,14911,EIRE,Dapur,
23179,CLOCK MAGNET MUM'S KITCHEN,43350,12477,Germany,Dapur,
23496,PANTRY KITCHEN THERMOMETER,18750,13268,United Kingdom,Dapur,
23143,ZINC WIRE KITCHEN ORGANISER,156000,16255,United Kingdom,Dapur,
23428,IVORY RETRO KITCHEN WALL CLOCK,122250,17461,United Kingdom,Dapur,
23430,BLUE RETRO KITCHEN WALL CLOCK,122250,14911,EIRE,Dapur,
23431,PURPLE RETRO KITCHEN WALL CLOCK,122250,14911,EIRE,Dapur,
84638,SMALL KITCHEN FLOWER POTS PLAQUE,104250,12539,Spain,Dapur,
37370,RETRO COFFEE MUGS ASSORTED,15900,17850,United Kingdom,Cafe,
21662,VINTAGE GLASS COFFEE CADDY,89250,17905,United Kingdom,Cafe,
21398,RED POLKADOT COFFEE MUG,31500,14606,United Kingdom,Cafe,
22301,COFFEE MUG CAT + BIRD DESIGN,38250,14901,United Kingdom,Cafe,
21216,"SET 3 RETROSPOT TEA,COFFEE,SUGAR",74250,16244,United Kingdom,Cafe,
85159,"BLACK TEA,COFFEE,SUGAR JARS",95250,14180,United Kingdom,Cafe,
21399,BLUE POLKADOT COFFEE MUG,31500,15574,United Kingdom,Cafe,
35810,ENAMEL BLUE RIM COFFEE CONTAINER,31500,16033,United Kingdom,Cafe,
22300,COFFEE MUG DOG + BALL DESIGN,38250,16931,United Kingdom,Cafe,
20748,KENSINGTON COFFEE SET,191250,16402,United Kingdom,Cafe,
22971,QUEENS GUARD COFFEE MUG,38250,16705,United Kingdom,Cafe,
85199,"WHITE TEA,COFFEE,SUGAR JARS",18750,15789,United Kingdom,Cafe,
22303,COFFEE MUG APPLES DESIGN,38250,12681,France,Cafe,
22302,COFFEE MUG PEARS DESIGN,38250,12681,France,Cafe,
22305,COFFEE MUG PINK PAISLEY DESIGN,31500,14156,EIRE,Cafe,
35819,ENAMEL PINK COFFEE CONTAINER,12450,15491,United Kingdom,Cafe,
23413,VINTAGE COFFEE GRINDER BOX,74250,15745,United Kingdom,Cafe,
23414,DECROTIVEVINTAGE COFFEE GRINDER BOX,74250,14911,EIRE,Cafe,
22315,200 RED + WHITE BENDY STRAWS,18750,13571,United Kingdom,Cafe,
84969,BOX OF 6 ASSORTED COLOUR TEASPOONS,63750,13047,United Kingdom,Cafe,
22492,MINI PAINT SET VINTAGE,9750,12583,France,Hobi,
22493,PAINT YOUR OWN CANVAS SET,24750,14911,EIRE,Hobi,
22418,10 COLOUR SPACEBOY PEN,12750,14307,United Kingdom,Hobi,
22491,PACK OF 12 COLOURED PENCILS,12750,13108,United Kingdom,Hobi,
22413,"Fujifilm INSTAX Mini Instant Film 2 Pack = 20 Sheets (White) for Fujifilm Mini 8 & Mini 9 Cameras, Model:4332059078",240000,14537,United Kingdom,Hobi,
22665,RECIPE BOX BLUE SKETCHBOOK DESIGN,44250,12433,Norway,Hobi,
22618,COOKING SET RETROSPOT,149250,14047,United Kingdom,Hobi,
23671,Tower of God - Part 2,285000,13078,United Kingdom,Hobi,
26589,Classroom of the Elite (Light Novel),189000,14156,United Kingdom,Hobi,
23326,Classroom of the Elite: Year 2 (Light Novel),225000,14325,United Kingdom,Hobi,
22987,Violet Evergarden (Light Novel),550000,14451,United Kingdom,Hobi,
21463,MIRRORED DISCO BALL,89250,14390,United Kingdom,Hobi,
22607,WOODEN ROUNDERS GARDEN SET,149250,15525,United Kingdom,Hobi,
22477,WATERING CAN GARDEN MARKER,18750,14388,United Kingdom,Hobi,
22926,IVORY GIANT GARDEN THERMOMETER,89250,14901,United Kingdom,Hobi,
22605,WOODEN CROQUET GARDEN SET,224250,13030,United Kingdom,Hobi,
47504,ENGLISH ROSE GARDEN SECATEURS,29250,15460,United Kingdom,Hobi,
22824,3 TIER SWEETHEART GARDEN SHELF,539250,15464,United Kingdom,Hobi,
22525,CHILDRENS GARDEN GLOVES PINK,15900,12415,Australia,Hobi,
22487,WHITE WOOD GARDEN PLANT LADDER,149250,16473,United Kingdom,Hobi,
22275,"Dell 27 LED backlit LCD Monitor SE2719H IPS Full HD 1080p 1920 x 1080 at 60 Hz HDMI VGA,Black",2250000,13952,United Kingdom,Elektronik,
22106,"LG 24M47VQ 24-Inch LED-lit Monitor, Black",1500000,13920,United Kingdom,Elektronik,
21938,"Ring Stick Up Cam Battery HD security camera with custom privacy controls, Simple setup, Works with Alexa - Black",1499850,13888,United Kingdom,Elektronik,
21769,"Amazon Basics Microwave, Small, 0.7 Cu. Ft, 700W, Works with Alexa",899850,13855,United Kingdom,Elektronik,
21601,"Apple TV 4K (32GB, Latest Model)",2535000,13823,United Kingdom,Elektronik,
33076,"Acer SB220Q bi 21.5 Inches Full HD (1920 x 1080) IPS Ultra-Thin Zero Frame Monitor (HDMI & VGA Port), Black",1409850,13791,United Kingdom,Elektronik,
29143,All-new Echo Dot (4th Gen) | Smart speaker with clock and Alexa | Glacier White,824850,13758,United Kingdom,Elektronik,
24118,Insignia NS-32DF310NA19 32-inch Smart HD TV - Fire TV Edition,2099850,13726,United Kingdom,Elektronik,
24290,"Roku Smart Soundbar, 4K/HD/HDR Streaming Media Player & Exceptional Audio Includes Roku Voice Remote",2549100,13693,France,Elektronik,
25013,Standard USB 2.0 Cable AM To AF Extension For Computer,37440,13751,France,Elektronik,
26109,M90 Wired Mouse,52020,13722,United Kingdom,Elektronik,
24776,K120 USB Keyboard Wired,114480,13694,United Kingdom,Elektronik,
27681,Zeb Rise Wired 1200 DPI USB Optical High Precision Mouse,30240,13666,United Kingdom,Elektronik,
25891,"Rechargeable Battery AA 700 Mah With Charger, BP4",113220,13637,United Kingdom,Elektronik,
23123,Eneloop Rechargeable Battery AA,71820,13609,United Kingdom,Elektronik,
22141,2 Pin Twist 5 Meter Extension Box 1084,62820,13580,United Kingdom,Elektronik,
23551,4 Socket Power Strip/Cord With 2 Meter Wire 1079,77220,13552,United Kingdom,Elektronik,
24145,"Panasonic Portable AM / FM Radio, Battery Operated Analog Radio, AC Powered, Silver (RF-2400D)",434850,13524,United Kingdom,Elektronik,
26459,"havit HV-F2056 15.6""-17"" Laptop Cooler Cooling Pad - Slim Portable USB Powered (3 Fans), Black/Blue",280200,13495,United Kingdom,Elektronik,
22901,"HP Chromebook 14-inch HD Laptop, Intel Celeron N4000, 4 GB RAM, 32 GB eMMC, Chrome (14a-na0020nr, Ceramic White)",3167700,13467,United Kingdom,Elektronik,
85014,RED RETROSPOT UMBRELLA,90000,12431,Australia,Travel,
21709,FOLDING UMBRELLA CHOCOLATE POLKADOT,75000,18011,United Kingdom,Travel,
21786,POLKADOT RAIN HAT,6300,12433,Norway,Travel,
23391,I LOVE LONDON MINI BACKPACK,62250,17837,United Kingdom,Travel,
84872,TEATIME FUNKY FLOWER BACKPACK FOR 2,254250,14534,United Kingdom,Travel,
21738,COSY SLIPPER SHOES SMALL RED,44250,17920,United Kingdom,Travel,
21739,COSY SLIPPER SHOES SMALL GREEN,44250,17920,United Kingdom,Travel,
51008,AFGHAN SLIPPER SOCK PAIR,51750,13569,United Kingdom,Travel,
22633,HAND WARMER UNION JACK,27750,17850,United Kingdom,Travel,
22866,HAND WARMER SCOTTY DOG DESIGN,27750,13408,United Kingdom,Travel,
22632,HAND WARMER RED POLKA DOT,27750,17850,United Kingdom,Travel,
22867,HAND WARMER BIRD DESIGN,27750,12791,Netherlands,Travel,
70007,HI TEC ALPINE HAND WARMER,24750,17897,United Kingdom,Travel,
22311,OFFICE MUG WARMER BLACK+SILVER,44250,13263,United Kingdom,Travel,
20780,BLACK EAR MUFF HEADPHONES,82350,14606,United Kingdom,Travel,
22654,DELUXE SEWING KIT,74250,17511,United Kingdom,Travel,
22652,TRAVEL SEWING KIT,24750,13408,United Kingdom,Travel,
84874,BLUE TRAVEL FIRST AID KIT,24750,16326,United Kingdom,Travel,
21787,RAIN PONCHO RETROSPOT,12750,12567,France,Travel,
21785,RAIN PONCHO,12750,12748,United Kingdom,Travel,
30987,Women Fashion Loose Lace Blouse V Neck Bat Sleeves T Shirt Hollow Out Tops Plus Size XS-8XL,105000,13163,United Kingdom,Baju,
87192,Plus Size 4XL 5XL Chinese Clothing Shirts for Men Cotton Linen Shirt Tops Summer,210000,12848,United Kingdom,Baju,
32349,Trend Summer New Design Letter Printed Women T-shirts Deep V-neck Sleeveless Shirts Casual Tank Tops,120000,12533,United Kingdom,Baju,
29478,Women Summer Printed Plus Size Loose Casual Trousers Harlan Pants Long Pants,165000,12217,United Kingdom,Baju,
21562,HAWAIIAN GRASS SKIRT,18750,15805,United Kingdom,Baju,
29842,Fashion Women Summer Sleeveless Dresses V Neck Backless Lace Dress Ladies Beach Dresses White Dress,195000,17542,Netherlands,Baju,
24644,Summer mens cool sport suit Sports Wear Casual Jogging Suits Short Sleeve Outfit Sets,240000,16437,United Kingdom,Baju,
34987,Summer Fashion Men'S Sport Athletic Shorts Pants Men Casual Print,195000,15234,United Kingdom,Baju,
22913,RED COAT PARIS FASHION,74250,13047,United Kingdom,Baju,
22912,YELLOW COAT PARIS FASHION,74250,13047,United Kingdom,Baju,
22914,BLUE COAT PARIS FASHION,74250,14307,United Kingdom,Baju,
49886,EthnoVogue Women Beige & Grey Made to Measure Custom Made Kurta Set with Jacket,1045800,14679,United Kingdom,Baju,
29890,Parx Men Brown Tapered Fit Solid Regular Trousers,119520,13787,Netherlands,Baju,
27659,SPYKAR Women Blue Adora Skinny Fit Mid-Rise Low Distress Ankle-length Stretchable Jeans,202320,18761,United Kingdom,Baju,
25987,Campus Sutra Men White & Blue Regular Fit Colourblocked Casual Shirt,86220,17937,United Kingdom,Baju,
25988,ColorPlus Men Blue Regular Fit Checked Formal Trousers,215820,17313,United Kingdom,Baju,
22457,Campus Sutra Men Red & Black Standard Regular Fit Checked Casual Shirt,125820,13098,United Kingdom,Baju,
48768,HARBORNBAY Women Red & Silver Printed Round Neck T-shirt,72180,14981,United Kingdom,Baju,
43298,Hypernation Women Blue Solid Open Front Shrug,143460,13087,United Kingdom,Baju,
38981,Ginger by Lifestyle Women White Regular Fit Printed Casual Shirt,188820,14087,United Kingdom,Baju,
32818,Piano (Malcom Mendis Piano),6370000,13524,United Kingdom,Musik,
32819,Yamaha Semi Acoustic Guitars,1764000,13524,United Kingdom,Musik,
32820,Yamaha PSR 433 Keyboard,2695000,13524,United Kingdom,Musik,
32821,Yamaha SL380 Les Paul Electric Guitar,3822000,12567,United Kingdom,Musik,
32822,Yamaha SL400 Les Paul Electric Guitar,3822000,12567,United Kingdom,Musik,
32823,Supreme Lark violin,294000,12567,United Kingdom,Musik,
32824,YAMAHA PSR -EW400 keyboard,3528000,16473,United Kingdom,Musik,
32825,Tascam US122MKII USB Audio/Midi Interface,661500,16473,United Kingdom,Musik,
32826,Clayderman Piano ( Peterson Center ),8085000,14156,United Kingdom,Musik,
32827,Saxophone - Soprano,3430000,14156,United Kingdom,Musik,
32828,Yamaha Clavinova CVP-206 Digital Piano,9310000,14307,United Kingdom,Musik,
32829,Electric Drum Set ( Brand New ),906500,16402,United Kingdom,Musik,
32830,Yamaha CX40 Classical Guitar,1225000,15365,United Kingdom,Musik,
32831,Acoustic Guitar Parkwood W81-OP,931000,17050,United Kingdom,Musik,
32832,KORG AX1000G Multi effect pedal,980000,16418,United Kingdom,Musik,
32833,Greco 4 strings Bass guitar (powered),2205000,16418,United Kingdom,Musik,
32834,Music Man Stingray 3 EQ H American Bass Guitar,13475000,16418,United Kingdom,Musik,
32835,Denon Amplifier,1225000,16244,United Kingdom,Musik,
32836,Olan 450W Buffels with Amplifier,2450000,16244,United Kingdom,Musik,
32837,Rowell Trumpet with Box ( Silver ),882000,16244,United Kingdom,Musik,
45178,"Mountain Bike-100 Silver, 38",51000000,16255,United Kingdom,Transportasi,
45179,"Mountain Bike-100 Black, 48",50625000,13268,United Kingdom,Transportasi,
45180,"Mountain Bike-200 Silver, 38",34800000,17841,United Kingdom,Transportasi,
45181,"Mountain Bike-100 Black, 44",50625000,14390,France,Transportasi,
45182,"Mountain Bike-200 Black, 46",34425000,14390,United Kingdom,Transportasi,
45183,"Mountain Bike-400-W Silver, 46",11535000,14646,United Kingdom,Transportasi,
45184,"Mountain Bike-500 Silver, 40",8475000,14390,Germany,Transportasi,
45185,"Mountain Bike-500 Silver, 44",8475000,13108,United Kingdom,Transportasi,
45186,"Road Bike-750 Black, 58",8100000,14646,United Kingdom,Transportasi,
45187,"Road Bike-150 Red, 62",53670000,13108,United Kingdom,Transportasi,
45624,Chevrolet Cavalier,198900000,15525,United Kingdom,Transportasi,
45625,Chevrolet Malibu,248025000,13722,United Kingdom,Transportasi,
45626,Chevrolet Metro,138525000,13524,United Kingdom,Transportasi,
45627,Saturn SL,160275000,13569,United Kingdom,Transportasi,
45628,Toyota Tacoma,172920000,15365,United Kingdom,Transportasi,
45629,Nissan Sentra,202485000,13524,United Kingdom,Transportasi,
45630,Mitsubishi Mirage,209805000,14388,United Kingdom,Transportasi,
45631,Hyundai Elantra,176985000,13569,United Kingdom,Transportasi,
45632,Hyundai Accent,145485000,15805,United Kingdom,Transportasi,
45633,Dodge Viper,1045875000,15464,United Kingdom,Transportasi,
21980,Canon PowerShot 350,2235000,12533,United Kingdom,Kamera,
21981,Canon PowerShot 600,2085000,17920,United Kingdom,Kamera,
21982,Canon PowerShot A300,2085000,16244,United Kingdom,Kamera,
21983,Canon EOS 20Da,19485000,13855,United Kingdom,Kamera,
21984,Canon EOS D30,8235000,13726,United Kingdom,Kamera,
21985,Canon PowerShot Pro70,2985000,12433,United Kingdom,Kamera,
21986,Canon PowerShot S500,2235000,13666,United Kingdom,Kamera,
21987,Canon PowerShot SX100 IS,4485000,13030,United Kingdom,Kamera,
21988,Casio Exilim EX-P505,3735000,14679,United Kingdom,Kamera,
21989,Casio Exilim EX-V7,4485000,17841,United Kingdom,Kamera,
21990,Casio Exilim EX-S770,3735000,13108,United Kingdom,Kamera,
21991,Casio Exilim EX-Z750,4935000,15460,United Kingdom,Kamera,
21992,Epson PhotoPC L-500V,2385000,12567,France,Kamera,
21993,Epson PhotoPC 500,3435000,13772,United Kingdom,Kamera,
21994,Fujifilm FinePix 40i,2535000,17850,United Kingdom,Kamera,
21995,Fujifilm Finepix 30i,2985000,18011,United Kingdom,Kamera,
21996,Fujifilm FinePix 3800,5985000,12433,Norway,Kamera,
21997,Fujifilm FinePix F10 Zoom,2685000,13467,United Kingdom,Kamera,
21998,Fujifilm FinePix F410 Zoom,2535000,13552,United Kingdom,Kamera,
21999,Fujifilm FinePix S3000 Z,3435000,13552,United Kingdom,Kamera,
