ProductID,Description,Country,Category
23183,MOTHER'S KITCHEN SPOON REST,United Kingdom,Dapur
82578,KITCHEN METAL SIGN,United Kingdom,Dapur
47567,TEA TIME KITCHEN APRON,Portugal,Dapur
22624,IVORY KITCHEN SCALES,United Kingdom,Dapur
22625,RED KITCHEN SCALES,United Kingdom,Dapur
22627,MINT KITCHEN SCALES,United Kingdom,Dapur
22675,FRENCH KITCHEN SIGN BLUE METAL,United Kingdom,Dapur
21279,VINTAGE KITCHEN PRINT FRUITS,United Kingdom,Dapur
23142,IVORY WIRE KITCHEN ORGANISER,United Kingdom,Dapur
22626,BLACK KITCHEN SCALES,Netherlands,Dapur
23180,MUM'S KITCHEN CLOCK,United Kingdom,Dapur
22655,VINTAGE RED KITCHEN CABINET,United Kingdom,Dapur
84637,KITCHEN FLOWER POTS WALL PLAQUE,EIRE,Dapur
23179,CLOCK MAGNET MUM'S KITCHEN,Germany,Dapur
23496,PANTRY KITCHEN THERMOMETER,United Kingdom,Dapur
23143,ZINC WIRE KITCHEN ORGANISER,United Kingdom,Dapur
23428,IVORY RETRO KITCHEN WALL CLOCK,United Kingdom,Dapur
23430,BLUE RETRO KITCHEN WALL CLOCK,EIRE,Dapur
23431,PURPLE RETRO KITCHEN WALL CLOCK,EIRE,Dapur
84638,SMALL KITCHEN FLOWER POTS PLAQUE,Spain,Dapur
37370,RETRO COFFEE MUGS ASSORTED,United Kingdom,Cafe
21662,VINTAGE GLASS COFFEE CADDY,United Kingdom,Cafe
21398,RED POLKADOT COFFEE MUG,United Kingdom,Cafe
22301,COFFEE MUG CAT + BIRD DESIGN,United Kingdom,Cafe
21216,"SET 3 RETROSPOT TEA,COFFEE,SUGAR",United Kingdom,Cafe
85159,"BLACK TEA,COFFEE,SUGAR JARS",United Kingdom,Cafe
21399,BLUE POLKADOT COFFEE MUG,United Kingdom,Cafe
35810,ENAMEL BLUE RIM COFFEE CONTAINER,United Kingdom,Cafe
22300,COFFEE MUG DOG + BALL DESIGN,United Kingdom,Cafe
20748,KENSINGTON COFFEE SET,United Kingdom,Cafe
22971,QUEENS GUARD COFFEE MUG,United Kingdom,Cafe
85199,"WHITE TEA,COFFEE,SUGAR JARS",United Kingdom,Cafe
22303,COFFEE MUG APPLES DESIGN,France,Cafe
22302,COFFEE MUG PEARS DESIGN,France,Cafe
22305,COFFEE MUG PINK PAISLEY DESIGN,EIRE,Cafe
35819,ENAMEL PINK COFFEE CONTAINER,United Kingdom,Cafe
23413,VINTAGE COFFEE GRINDER BOX,United Kingdom,Cafe
23414,DECROTIVEVINTAGE COFFEE GRINDER BOX,EIRE,Cafe
22315,200 RED + WHITE BENDY STRAWS,United Kingdom,Cafe
84969,BOX OF 6 ASSORTED COLOUR TEASPOONS,United Kingdom,Cafe
22492,MINI PAINT SET VINTAGE,France,Hobi
22493,PAINT YOUR OWN CANVAS SET,EIRE,Hobi
22418,10 COLOUR SPACEBOY PEN,United Kingdom,Hobi
22491,PACK OF 12 COLOURED PENCILS,United Kingdom,Hobi
22413,"Fujifilm INSTAX Mini Instant Film 2 Pack = 20 Sheets (White) for Fujifilm Mini 8 & Mini 9 Cameras, Model:4332059078",United Kingdom,Hobi
22665,RECIPE BOX BLUE SKETCHBOOK DESIGN,Norway,Hobi
22618,COOKING SET RETROSPOT,United Kingdom,Hobi
23671,Tower of God - Part 2,United Kingdom,Hobi
26589,Classroom of the Elite (Light Novel),United Kingdom,Hobi
23326,Classroom of the Elite: Year 2 (Light Novel),United Kingdom,Hobi
22987,Violet Evergarden (Light Novel),United Kingdom,Hobi
21463,MIRRORED DISCO BALL,United Kingdom,Hobi
22607,WOODEN ROUNDERS GARDEN SET,United Kingdom,Hobi
22477,WATERING CAN GARDEN MARKER,United Kingdom,Hobi
22926,IVORY GIANT GARDEN THERMOMETER,United Kingdom,Hobi
22605,WOODEN CROQUET GARDEN SET,United Kingdom,Hobi
47504,ENGLISH ROSE GARDEN SECATEURS,United Kingdom,Hobi
22824,3 TIER SWEETHEART GARDEN SHELF,United Kingdom,Hobi
22525,CHILDRENS GARDEN GLOVES PINK,Australia,Hobi
22487,WHITE WOOD GARDEN PLANT LADDER,United Kingdom,Hobi
22275,"Dell 27 LED backlit LCD Monitor SE2719H IPS Full HD 1080p 1920 x 1080 at 60 Hz HDMI VGA,Black",United Kingdom,Elektronik
22106,"LG 24M47VQ 24-Inch LED-lit Monitor, Black",United Kingdom,Elektronik
21938,"Ring Stick Up Cam Battery HD security camera with custom privacy controls, Simple setup, Works with Alexa - Black",United Kingdom,Elektronik
21769,"Amazon Basics Microwave, Small, 0.7 Cu. Ft, 700W, Works with Alexa",United Kingdom,Elektronik
21601,"Apple TV 4K (32GB, Latest Model)",United Kingdom,Elektronik
33076,"Acer SB220Q bi 21.5 Inches Full HD (1920 x 1080) IPS Ultra-Thin Zero Frame Monitor (HDMI & VGA Port), Black",United Kingdom,Elektronik
29143,All-new Echo Dot (4th Gen) | Smart speaker with clock and Alexa | Glacier White,United Kingdom,Elektronik
24118,Insignia NS-32DF310NA19 32-inch Smart HD TV - Fire TV Edition,United Kingdom,Elektronik
24290,"Roku Smart Soundbar, 4K/HD/HDR Streaming Media Player & Exceptional Audio Includes Roku Voice Remote",France,Elektronik
25013,Standard USB 2.0 Cable AM To AF Extension For Computer,France,Elektronik
26109,M90 Wired Mouse,United Kingdom,Elektronik
24776,K120 USB Keyboard Wired,United Kingdom,Elektronik
27681,Zeb Rise Wired 1200 DPI USB Optical High Precision Mouse,United Kingdom,Elektronik
25891,"Rechargeable Battery AA 700 Mah With Charger, BP4",United Kingdom,Elektronik
23123,Eneloop Rechargeable Battery AA,United Kingdom,Elektronik
22141,2 Pin Twist 5 Meter Extension Box 1084,United Kingdom,Elektronik
23551,4 Socket Power Strip/Cord With 2 Meter Wire 1079,United Kingdom,Elektronik
24145,"Panasonic Portable AM / FM Radio, Battery Operated Analog Radio, AC Powered, Silver (RF-2400D)",United Kingdom,Elektronik
26459,"havit HV-F2056 15.6""-17"" Laptop Cooler Cooling Pad - Slim Portable USB Powered (3 Fans), Black/Blue",United Kingdom,Elektronik
22901,"HP Chromebook 14-inch HD Laptop, Intel Celeron N4000, 4 GB RAM, 32 GB eMMC, Chrome (14a-na0020nr, Ceramic White)",United Kingdom,Elektronik
85014,RED RETROSPOT UMBRELLA,Australia,Travel
21709,FOLDING UMBRELLA CHOCOLATE POLKADOT,United Kingdom,Travel
21786,POLKADOT RAIN HAT,Norway,Travel
23391,I LOVE LONDON MINI BACKPACK,United Kingdom,Travel
84872,TEATIME FUNKY FLOWER BACKPACK FOR 2,United Kingdom,Travel
21738,COSY SLIPPER SHOES SMALL RED,United Kingdom,Travel
21739,COSY SLIPPER SHOES SMALL GREEN,United Kingdom,Travel
51008,AFGHAN SLIPPER SOCK PAIR,United Kingdom,Travel
22633,HAND WARMER UNION JACK,United Kingdom,Travel
22866,HAND WARMER SCOTTY DOG DESIGN,United Kingdom,Travel
22632,HAND WARMER RED POLKA DOT,United Kingdom,Travel
22867,HAND WARMER BIRD DESIGN,Netherlands,Travel
70007,HI TEC ALPINE HAND WARMER,United Kingdom,Travel
22311,OFFICE MUG WARMER BLACK+SILVER,United Kingdom,Travel
20780,BLACK EAR MUFF HEADPHONES,United Kingdom,Travel
22654,DELUXE SEWING KIT,United Kingdom,Travel
22652,TRAVEL SEWING KIT,United Kingdom,Travel
84874,BLUE TRAVEL FIRST AID KIT,United Kingdom,Travel
21787,RAIN PONCHO RETROSPOT,France,Travel
21785,RAIN PONCHO,United Kingdom,Travel
30987,Women Fashion Loose Lace Blouse V Neck Bat Sleeves T Shirt Hollow Out Tops Plus Size XS-8XL,United Kingdom,Baju
87192,Plus Size 4XL 5XL Chinese Clothing Shirts for Men Cotton Linen Shirt Tops Summer,United Kingdom,Baju
32349,Trend Summer New Design Letter Printed Women T-shirts Deep V-neck Sleeveless Shirts Casual Tank Tops,United Kingdom,Baju
29478,Women Summer Printed Plus Size Loose Casual Trousers Harlan Pants Long Pants,United Kingdom,Baju
21562,HAWAIIAN GRASS SKIRT,United Kingdom,Baju
29842,Fashion Women Summer Sleeveless Dresses V Neck Backless Lace Dress Ladies Beach Dresses White Dress,Netherlands,Baju
24644,Summer mens cool sport suit Sports Wear Casual Jogging Suits Short Sleeve Outfit Sets,United Kingdom,Baju
34987,Summer Fashion Men'S Sport Athletic Shorts Pants Men Casual Print,United Kingdom,Baju
22913,RED COAT PARIS FASHION,United Kingdom,Baju
22912,YELLOW COAT PARIS FASHION,United Kingdom,Baju
22914,BLUE COAT PARIS FASHION,United Kingdom,Baju
49886,EthnoVogue Women Beige & Grey Made to Measure Custom Made Kurta Set with Jacket,United Kingdom,Baju
29890,Parx Men Brown Tapered Fit Solid Regular Trousers,Netherlands,Baju
27659,SPYKAR Women Blue Adora Skinny Fit Mid-Rise Low Distress Ankle-length Stretchable Jeans,United Kingdom,Baju
25987,Campus Sutra Men White & Blue Regular Fit Colourblocked Casual Shirt,United Kingdom,Baju
25988,ColorPlus Men Blue Regular Fit Checked Formal Trousers,United Kingdom,Baju
22457,Campus Sutra Men Red & Black Standard Regular Fit Checked Casual Shirt,United Kingdom,Baju
48768,HARBORNBAY Women Red & Silver Printed Round Neck T-shirt,United Kingdom,Baju
43298,Hypernation Women Blue Solid Open Front Shrug,United Kingdom,Baju
38981,Ginger by Lifestyle Women White Regular Fit Printed Casual Shirt,United Kingdom,Baju
32818,Piano (Malcom Mendis Piano),United Kingdom,Musik
32819,Yamaha Semi Acoustic Guitars,United Kingdom,Musik
32820,Yamaha PSR 433 Keyboard,United Kingdom,Musik
32821,Yamaha SL380 Les Paul Electric Guitar,United Kingdom,Musik
32822,Yamaha SL400 Les Paul Electric Guitar,United Kingdom,Musik
32823,Supreme Lark violin,United Kingdom,Musik
32824,YAMAHA PSR -EW400 keyboard,United Kingdom,Musik
32825,Tascam US122MKII USB Audio/Midi Interface,United Kingdom,Musik
32826,Clayderman Piano ( Peterson Center ),United Kingdom,Musik
32827,Saxophone - Soprano,United Kingdom,Musik
32828,Yamaha Clavinova CVP-206 Digital Piano,United Kingdom,Musik
32829,Electric Drum Set ( Brand New ),United Kingdom,Musik
32830,Yamaha CX40 Classical Guitar,United Kingdom,Musik
32831,Acoustic Guitar Parkwood W81-OP,United Kingdom,Musik
32832,KORG AX1000G Multi effect pedal,United Kingdom,Musik
32833,Greco 4 strings Bass guitar (powered),United Kingdom,Musik
32834,Music Man Stingray 3 EQ H American Bass Guitar,United Kingdom,Musik
32835,Denon Amplifier,United Kingdom,Musik
32836,Olan 450W Buffels with Amplifier,United Kingdom,Musik
32837,Rowell Trumpet with Box ( Silver ),United Kingdom,Musik
45178,"Mountain Bike-100 Silver, 38",United Kingdom,Transportasi
45179,"Mountain Bike-100 Black, 48",United Kingdom,Transportasi
45180,"Mountain Bike-200 Silver, 38",United Kingdom,Transportasi
45181,"Mountain Bike-100 Black, 44",France,Transportasi
45182,"Mountain Bike-200 Black, 46",United Kingdom,Transportasi
45183,"Mountain Bike-400-W Silver, 46",United Kingdom,Transportasi
45184,"Mountain Bike-500 Silver, 40",Germany,Transportasi
45185,"Mountain Bike-500 Silver, 44",United Kingdom,Transportasi
45186,"Road Bike-750 Black, 58",United Kingdom,Transportasi
45187,"Road Bike-150 Red, 62",United Kingdom,Transportasi
45624,Chevrolet Cavalier,United Kingdom,Transportasi
45625,Chevrolet Malibu,United Kingdom,Transportasi
45626,Chevrolet Metro,United Kingdom,Transportasi
45627,Saturn SL,United Kingdom,Transportasi
45628,Toyota Tacoma,United Kingdom,Transportasi
45629,Nissan Sentra,United Kingdom,Transportasi
45630,Mitsubishi Mirage,United Kingdom,Transportasi
45631,Hyundai Elantra,United Kingdom,Transportasi
45632,Hyundai Accent,United Kingdom,Transportasi
45633,Dodge Viper,United Kingdom,Transportasi
21980,Canon PowerShot 350,United Kingdom,Kamera
21981,Canon PowerShot 600,United Kingdom,Kamera
21982,Canon PowerShot A300,United Kingdom,Kamera
21983,Canon EOS 20Da,United Kingdom,Kamera
21984,Canon EOS D30,United Kingdom,Kamera
21985,Canon PowerShot Pro70,United Kingdom,Kamera
21986,Canon PowerShot S500,United Kingdom,Kamera
21987,Canon PowerShot SX100 IS,United Kingdom,Kamera
21988,Casio Exilim EX-P505,United Kingdom,Kamera
21989,Casio Exilim EX-V7,United Kingdom,Kamera
21990,Casio Exilim EX-S770,United Kingdom,Kamera
21991,Casio Exilim EX-Z750,United Kingdom,Kamera
21992,Epson PhotoPC L-500V,France,Kamera
21993,Epson PhotoPC 500,United Kingdom,Kamera
21994,Fujifilm FinePix 40i,United Kingdom,Kamera
21995,Fujifilm Finepix 30i,United Kingdom,Kamera
21996,Fujifilm FinePix 3800,Norway,Kamera
21997,Fujifilm FinePix F10 Zoom,United Kingdom,Kamera
21998,Fujifilm FinePix F410 Zoom,United Kingdom,Kamera
21999,Fujifilm FinePix S3000 Z,United Kingdom,Kamera
